segundo,landmark_10_x,landmark_10_y,landmark_10_z,landmark_11_x,landmark_11_y,landmark_11_z,landmark_12_x,landmark_12_y,landmark_12_z,landmark_13_x,landmark_13_y,landmark_13_z,landmark_14_x,landmark_14_y,landmark_14_z,landmark_23_x,landmark_23_y,landmark_23_z,landmark_24_x,landmark_24_y,landmark_24_z,landmark_25_x,landmark_25_y,landmark_25_z,landmark_26_x,landmark_26_y,landmark_26_z,cara_prom_x,cara_prom_y,cara_prom_z,mano_izquierda_prom_x,mano_izquierda_prom_y,mano_izquierda_prom_z,mano_derecha_prom_x,mano_derecha_prom_y,mano_derecha_prom_z,pie_izquierdo_prom_x,pie_izquierdo_prom_y,pie_izquierdo_prom_z,pie_derecho_prom_x,pie_derecho_prom_y,pie_derecho_prom_z,Unnamed: 43,Etiqueta,Vista
0.03,0.4802893102169037,0.307859718799591,-0.2039726227521896,0.518457293510437,0.3705223798751831,-0.0701311156153678,0.4535338878631592,0.3686358630657196,-0.074752427637577,0.5258768796920776,0.4646266996860504,-0.0251489896327257,0.4446454048156738,0.4652570188045501,-0.0421326011419296,0.5050669312477112,0.5450018644332886,0.0003461451851762831,0.4641588926315307,0.5460017323493958,-0.0003844854945782572,0.5088725686073303,0.6898313760757446,-0.0170176029205322,0.4575706124305725,0.6950427293777466,-0.014170222915709,0.4862597912549972,0.2900255531072616,-0.2057598188519477,0.5376554727554321,0.5623650699853897,-0.1113016176968813,0.4378828331828117,0.5726274847984314,-0.1325172390788793,0.510251005490621,0.8340740998586019,0.0562042876457174,0.4531001647313435,0.8372059265772501,0.0549330580979585,,vertical,
0.07,0.480485737323761,0.3078287839889526,-0.1863924413919448,0.5184460282325745,0.3698500692844391,-0.0588038265705108,0.4536062777042389,0.3686767518520355,-0.0640476495027542,0.5258772373199463,0.4641653895378113,-0.0161790214478969,0.4452065825462341,0.465137630701065,-0.0339448601007461,0.5050655007362366,0.5450009703636169,0.0002931278431788087,0.4641416668891907,0.546180784702301,-0.00033092874218709767,0.5088692307472229,0.6898199915885925,-0.0164243131875991,0.4577656388282776,0.6944197416305542,-0.0131694748997688,0.4864108890295028,0.2899328351020813,-0.1878337234258651,0.5370047688484192,0.5622321516275406,-0.1006350833922624,0.4378952160477638,0.5725127905607224,-0.1224214173853397,0.51024862130483,0.8355314334233602,0.0431648051987091,0.4529418448607127,0.8371214071909586,0.0509305804346998,,vertical,
0.1,0.4806702733039856,0.3078402280807495,-0.1825679689645767,0.5184287428855896,0.369524747133255,-0.0529848858714103,0.4536199867725372,0.3689097762107849,-0.0607153885066509,0.5258252024650574,0.4639179110527038,-0.0072607859037816,0.4454150199890136,0.4651391804218292,-0.0292456019669771,0.5050320625305176,0.5450894236564636,0.00034739248803816736,0.4641208052635193,0.5464104413986206,-0.0003837615076918155,0.5088558793067932,0.6894013285636902,-0.015700813382864,0.4579448699951172,0.6934773921966553,-0.0131794847548007,0.4865191102027893,0.2899535030126571,-0.1836627602577209,0.5355707108974457,0.5622330904006958,-0.0892160218209028,0.4379172623157501,0.5716155767440796,-0.1174039877951145,0.5101940035820007,0.8359186251958212,0.0431065422793229,0.4529063502947489,0.836909810702006,0.048888687044382,,vertical,
0.13,0.4808205664157867,0.307924211025238,-0.1833721399307251,0.5184236168861389,0.3695020377635956,-0.0541300512850284,0.4536297023296356,0.3692642450332641,-0.0618538707494735,0.5256111025810242,0.4640584886074066,-0.0101275788620114,0.4455472528934479,0.4654129445552826,-0.0312335416674613,0.5049629211425781,0.5452829599380493,0.0004851405101362616,0.4640817046165466,0.546566903591156,-0.0005227741785347462,0.5087887644767761,0.6894419193267822,-0.0160352811217308,0.4580640494823456,0.6930973529815674,-0.0140966977924108,0.4866019010543823,0.2900376230478286,-0.1843985177576542,0.533364936709404,0.5629442930221558,-0.0938842259347438,0.4381777048110962,0.5712092965841293,-0.1199136022478342,0.5103209217389425,0.8367200295130411,0.0449593675633271,0.4526629547278086,0.8370257417360941,0.0486015118658542,,vertical,
0.17,0.4810199439525604,0.3082768619060516,-0.1919142454862594,0.5184231400489807,0.3695604205131531,-0.0605695433914661,0.4536315500736236,0.3703911900520324,-0.0721558928489685,0.5254086256027222,0.4652287662029266,-0.0124710518866777,0.4455943703651428,0.4666413366794586,-0.0391387231647968,0.5048384070396423,0.5453681349754333,0.0008569649653509259,0.464079886674881,0.5465627908706665,-0.0009028066997416317,0.5082468390464783,0.6893599033355713,-0.0160441044718027,0.4583705961704254,0.6921085119247437,-0.0149964466691017,0.4866741359233856,0.2905021846294403,-0.1931899845600128,0.5312416255474091,0.564913347363472,-0.0959599092602729,0.4389556795358658,0.5713047683238983,-0.1233263239264488,0.5100348393122355,0.8368359605471293,0.0460875804225603,0.4525122145811717,0.8369932373364767,0.0464375838637352,,vertical,
0.2,0.4810182452201843,0.3094240128993988,-0.1907610297203064,0.518417477607727,0.369738221168518,-0.0608794093132019,0.4536317884922027,0.3711113929748535,-0.0691816881299018,0.5253903269767761,0.4675431549549103,-0.0137712629511952,0.4457118809223175,0.4669406712055206,-0.0370722860097885,0.5044962167739868,0.5454298853874207,0.0005872463225387037,0.4640368819236755,0.5464661717414856,-0.0006336416117846966,0.5067269206047058,0.6887706518173218,-0.016138132661581,0.4585273563861847,0.6909183859825134,-0.0149430083110928,0.4866725862026214,0.2919985830783844,-0.1921328015625477,0.5291740447282791,0.5688308477401733,-0.0976768620312213,0.4398900270462036,0.5712604224681854,-0.1239106487482786,0.5095805923144022,0.8364199002583822,0.0466181449592113,0.4527926047643025,0.8362125158309937,0.0472235406438509,,vertical,
0.23,0.4809748232364654,0.3113325834274292,-0.1824418306350708,0.5184175372123718,0.3702984452247619,-0.0567307844758033,0.4536327421665191,0.3716396987438202,-0.0609127357602119,0.5253695249557495,0.4682759046554565,-0.0132108256220817,0.4458002746105194,0.4670198261737823,-0.0305011235177516,0.5042496919631958,0.545670747756958,"9,47E+10",0.4640239775180816,0.5464422702789307,-0.00013330503134056926,0.5060588121414185,0.6884550452232361,-0.0191774368286132,0.4585584700107574,0.6906067728996277,-0.015116199851036,0.4866398215293884,0.2940077751874924,-0.1837952762842178,0.5266472101211548,0.5694340169429779,-0.0981957148760557,0.4419111013412475,0.5707300752401352,-0.1219887975603342,0.508920689423879,0.835366408030192,0.0462344735860824,0.4531716803709666,0.8351972103118896,0.0481561223665873,,vertical,
0.27,0.4809722900390625,0.314388245344162,-0.184124082326889,0.5184184312820435,0.3710073828697204,-0.059860985726118,0.4536271691322326,0.3732822239398956,-0.06465894728899,0.525195837020874,0.469609260559082,-0.0158306993544101,0.4457691013813019,0.4691045880317688,-0.0337247774004936,0.5040308833122253,0.5462406277656555,-0.000144465928315185,0.4640286564826965,0.5464786291122437,0.00010491762077435851,0.5057632327079773,0.6883385181427002,-0.0202386677265167,0.4585585594177246,0.6906384229660034,-0.0151886874809861,0.4866377413272857,0.2965334236621856,-0.1858907878398895,0.5242054611444473,0.5712921917438507,-0.1000494994223117,0.4433075860142708,0.5714597553014755,-0.1238221023231744,0.508385956287384,0.835038443406423,0.0461864912261565,0.4537201126416524,0.8345868587493896,0.0476503459115823,,vertical,
0.3,0.4809988737106323,0.3188455402851105,-0.2091327011585235,0.5184261798858643,0.372087299823761,-0.0799692794680595,0.4536671042442322,0.3757022619247436,-0.0877248421311378,0.5248415470123291,0.4716628789901733,-0.0338076204061508,0.4455665946006775,0.4714197814464569,-0.0546530112624168,0.5038092136383057,0.5470985770225525,-0.00014142658619675785,0.4640610814094543,0.5466695427894592,0.00010173323971685022,0.5057106614112854,0.6882503628730774,-0.0173965878784656,0.4584787786006927,0.6906778216362,-0.0139775983989238,0.486658388376236,0.3001377254724502,-0.2121953830122947,0.5221239179372787,0.5744906067848206,-0.1163428798317909,0.4441952928900718,0.5748041272163391,-0.1398473270237445,0.5083429217338562,0.8342867493629456,0.0473469874511162,0.4540849526723226,0.8346579074859619,0.0471765808761119,,vertical,
0.33,0.4813114106655121,0.3243237435817718,-0.2268565744161605,0.518566370010376,0.3748961091041565,-0.0964372083544731,0.453737735748291,0.3778484761714935,-0.1022911816835403,0.5241755247116089,0.47397181391716,-0.049008022993803,0.4454872906208038,0.4737406969070434,-0.0663169026374816,0.5032697319984436,0.5484763979911804,-0.0001715312246233225,0.4640149474143982,0.547285795211792,0.000128277693875134,0.5057609677314758,0.6882425546646118,-0.0165579132735729,0.4584629535675049,0.6907042264938354,-0.0113898515701293,0.486798471212387,0.3054537862539291,-0.2313523352146148,0.5199855118989944,0.5781742483377457,-0.1296952292323112,0.4452122300863266,0.5794940888881683,-0.1487769521772861,0.5087618629137675,0.8331117431322733,0.0483555682003498,0.4541160364945729,0.8346389532089233,0.0476701986044645,,vertical,
0.37,0.481362909078598,0.3319773972034454,-0.2404702603816986,0.5188759565353394,0.378145158290863,-0.1100544333457946,0.4538898766040802,0.3810585439205169,-0.1161547601222992,0.5239108204841614,0.4773869216442108,-0.0620465762913227,0.4452939927577972,0.4793416559696197,-0.0797791182994842,0.503131628036499,0.5520238876342773,-0.00011593119415920228,0.4640167951583862,0.5498836636543274,"7,16E+10",0.5064272880554199,0.6884363889694214,-0.0126378461718559,0.4583509266376495,0.6915806531906128,-0.0081461295485496,0.4868351817131042,0.3121073067188263,-0.2460465669631958,0.5184891819953918,0.5822994410991669,-0.1385934092104435,0.4457805678248405,0.5853563547134399,-0.1589554995298385,0.5091849366823832,0.8322383165359497,0.0528960144147276,0.4541694025198619,0.8343879381815592,0.050490609370172,,vertical,
0.4,0.4818133115768432,0.3432992100715637,-0.2908269464969635,0.5192625522613525,0.3821815550327301,-0.1505987346172332,0.4539576470851898,0.385215550661087,-0.1559766680002212,0.5236659646034241,0.4826434552669525,-0.1014880090951919,0.4452860355377197,0.4844267666339874,-0.1199539750814437,0.5027255415916443,0.5529086589813232,-0.0001180805847980082,0.4640168845653534,0.5507131814956665,"7,28E+09",0.5067225098609924,0.6881243586540222,-0.0113402549177408,0.4583082795143127,0.6918455958366394,-0.0021448491606861,0.4870070189237594,0.3214843541383743,-0.2990653067827225,0.5175718516111374,0.5876018106937408,-0.1767841950058937,0.4464180171489715,0.5905353724956512,-0.1991751529276371,0.5092376271883646,0.8316736419995626,0.0541913934672872,0.4541336993376414,0.8343862692515055,0.0579084626709421,,vertical,
0.43,0.4821652173995971,0.3549065589904785,-0.3300763964653015,0.5193985104560852,0.3868331909179687,-0.1804315596818924,0.4540208876132965,0.3907662630081177,-0.186401292681694,0.5236751437187195,0.488408625125885,-0.1302669048309326,0.4453398287296295,0.4927163124084472,-0.1483350992202758,0.5025797486305237,0.5526688098907471,-0.0001240869314642623,0.4641289114952087,0.5506193041801453,"7,71E+10",0.5067676305770874,0.6864590048789978,-0.0118806520476937,0.4583269953727722,0.6918430328369141,-0.0012380764819681,0.4874485433101654,0.3315313160419464,-0.3398523420095444,0.5163016468286514,0.5919835865497589,-0.206601895391941,0.4473638162016868,0.599256619811058,-0.2285704314708709,0.5092461903889974,0.8312614758809408,0.0450939486424128,0.4537009795506795,0.8345922430356344,0.054934410067896,,vertical,
0.47,0.4821945428848266,0.3639906644821167,-0.3508633375167846,0.5194301009178162,0.3943051695823669,-0.1973949670791626,0.4540903270244598,0.3976783156394958,-0.2041096985340118,0.5236818194389343,0.4952731728553772,-0.1449724286794662,0.4458446204662323,0.4986736476421356,-0.1633521169424057,0.502321183681488,0.5524519085884094,"7,97E+08",0.4642741084098816,0.5501601696014404,"-7,02E+10",0.5068987607955933,0.6834554076194763,-0.0112060075625777,0.4583426713943481,0.6908426880836487,-0.0001771124807419,0.4877295941114425,0.3428628206253051,-0.3617187589406967,0.5158004909753799,0.596667930483818,-0.2179560773074627,0.4481775090098381,0.6047934740781784,-0.2422319240868091,0.5092639923095703,0.8310423692067465,0.0379355860253175,0.4533517261346181,0.8344691395759583,0.0484385729456941,,vertical,
0.5,0.4823642671108246,0.3768757283687591,-0.3838489949703216,0.5194257497787476,0.4032314121723175,-0.220712661743164,0.4540433287620544,0.4077414870262146,-0.2293406724929809,0.5236782431602478,0.5034392476081848,-0.1700206995010376,0.446334034204483,0.506211519241333,-0.1883394867181778,0.501836359500885,0.5499348044395447,0.00020844540267717093,0.4643715620040893,0.5486994385719299,-0.0002792825980577618,0.5069605112075806,0.681183397769928,-0.0145633127540349,0.4584612846374511,0.6884711980819702,-0.0017307151574641,0.4879342555999756,0.3551249206066131,-0.394818952679634,0.515437662601471,0.6027733832597733,-0.2406365014612674,0.4493110850453377,0.6113372445106506,-0.265692126005888,0.5093202789624532,0.8309849500656128,0.0286709691087404,0.4533170859018962,0.8341363271077474,0.0392892292390267,,vertical,
0.53,0.4824545085430145,0.3885279893875122,-0.3968134820461273,0.519365668296814,0.4116142094135284,-0.2316172271966934,0.4540408551692962,0.4154314994812011,-0.2370456904172897,0.5235641598701477,0.5099298357963562,-0.1816881597042083,0.4465819299221039,0.5110523700714111,-0.1946163475513458,0.5011481642723083,0.5470711588859558,0.00019501379574649036,0.4644256830215454,0.5479507446289062,-0.0002665444044396281,0.5069630146026611,0.6773571372032166,-0.0209826622158288,0.4585686028003692,0.6864778995513916,-0.0021395424846559,0.487986096739769,0.3671159029006958,-0.4087169885635376,0.5149495601654053,0.6090883612632751,-0.2490109018981456,0.4499971494078636,0.6161111295223236,-0.2701679095625877,0.5093165636062622,0.8304566740989685,0.0207797636588414,0.4532911280790965,0.8336092432339987,0.0332421325147151,,inclinandose,
0.57,0.4834221601486206,0.4018640518188476,-0.4144472777843475,0.5192746520042419,0.4154765009880066,-0.2438467293977737,0.4540502727031708,0.4246954321861267,-0.2489408105611801,0.5233756303787231,0.5140730142593384,-0.195292055606842,0.4475318491458893,0.5179632902145386,-0.2058593332767486,0.5005217790603638,0.5423458814620972,0.00031867253710515797,0.4646551012992859,0.5447866916656494,-0.0003783422871492803,0.5068910121917725,0.6751617193222046,-0.0286283157765865,0.4585738778114319,0.6815818548202515,-0.0183753073215484,0.488396805524826,0.3791925460100174,-0.4272312641143799,0.5143326222896576,0.6169652938842773,-0.2601758688688278,0.45064727216959,0.6226727813482285,-0.28095593303442,0.5089990695317587,0.830729087193807,0.008661733319362,0.4533293048540751,0.8313327232996622,0.0161799353857835,,inclinandose,
0.6,0.4839667081832886,0.4119616150856018,-0.4295202195644378,0.5191258192062378,0.4226896166801452,-0.2551271021366119,0.4540733695030212,0.4334029853343963,-0.2600903809070587,0.5231441855430603,0.5198033452033997,-0.2062894999980926,0.4479009211063385,0.5276724100112915,-0.2163121700286865,0.5004281997680664,0.5387009382247925,0.00043893727706745267,0.465074211359024,0.5415082573890686,-0.0004889351548627019,0.5064424276351929,0.675383985042572,-0.0277020540088415,0.4586177766323089,0.6790238618850708,-0.0183246042579412,0.4889769941568375,0.391076934337616,-0.4428995668888092,0.5146006047725677,0.6249916404485703,-0.2700290903449058,0.4505983218550682,0.6309240311384201,-0.2900195494294166,0.5088040033976237,0.8311228553454081,0.0122255558768908,0.4531600773334503,0.8288185397783915,0.0204445707301298,,inclinandose,
0.63,0.4840593039989471,0.4230726063251495,-0.4415209293365478,0.5189730525016785,0.429790049791336,-0.2664489448070526,0.4542403817176819,0.4378740191459656,-0.2735316753387451,0.5217697024345398,0.5282813906669617,-0.2185750752687454,0.4478382170200348,0.5319140553474426,-0.2320406585931778,0.4997589290142059,0.5385547280311584,0.0011014757910743356,0.4651238322257995,0.5411103367805481,-0.001128910924308002,0.50612872838974,0.6758278012275696,-0.0274477638304233,0.4586650431156158,0.6766605973243713,-0.0231618694961071,0.4893745452165604,0.4034999668598175,-0.4559512287378311,0.514556348323822,0.633307546377182,-0.2764346301555633,0.450334869325161,0.6393942981958389,-0.3020953461527824,0.508763313293457,0.8313727974891663,0.0132066446046034,0.4531869093577067,0.8272473017374674,0.0176543916265169,,inclinandose,
0.67,0.4844502508640289,0.4341142773628235,-0.448093056678772,0.5189716815948486,0.4372285902500152,-0.272331029176712,0.4544946849346161,0.4443866610527038,-0.2801324129104614,0.5203695297241211,0.5379179120063782,-0.2225868850946426,0.4477894902229309,0.5384161472320557,-0.2375155985355377,0.4990797638893127,0.5391669869422913,0.0016272686189040542,0.4651232063770294,0.5414643883705139,-0.0016416094731539488,0.5057869553565979,0.6762796640396118,-0.0283328723162412,0.458692193031311,0.6767841577529907,-0.0279599167406559,0.4902002602815628,0.414963686466217,-0.4631324082612991,0.5146680623292923,0.6433931440114975,-0.2753926664590835,0.4502239674329757,0.6476665884256363,-0.302844189107418,0.5087166031201681,0.8322397669156393,0.0099975802004337,0.4531846145788828,0.8274147113164266,0.0125714565316836,,inclinandose,
0.7,0.4845989942550659,0.4456219375133514,-0.4545136094093323,0.5190223455429077,0.4483035802841186,-0.2786506116390228,0.4546515643596649,0.4499866068363189,-0.2875261604785919,0.5184768438339233,0.547842800617218,-0.2277409881353378,0.4477499127388,0.544028639793396,-0.2465295046567917,0.4988336265087127,0.5413399338722229,0.0016100555658340454,0.4651139378547668,0.5416224598884583,-0.001625645556487143,0.505274772644043,0.6763879656791687,-0.0329926125705242,0.4586921632289886,0.6771918535232544,-0.0267297122627496,0.4904926925897598,0.4270110994577408,-0.4698967546224594,0.5144792646169662,0.6518395245075226,-0.2809344604611397,0.4500296488404274,0.6527575850486755,-0.3121084943413734,0.5087177952130636,0.8331164320309957,0.0048497778673966,0.4531725943088531,0.8276010155677795,0.0144574679434299,,inclinandose,
0.73,0.4847710728645324,0.4533232748508453,-0.4666453599929809,0.5192163586616516,0.4539981186389923,-0.2899722158908844,0.4547019898891449,0.4548106491565704,-0.2979608476161957,0.518807053565979,0.5562004446983337,-0.2443736791610717,0.447742760181427,0.5502532124519348,-0.261143147945404,0.49878990650177,0.5436080098152161,0.0017898097867146134,0.4647281169891357,0.5428507924079895,-0.0017953045899048448,0.5053043961524963,0.6778967380523682,-0.0426877066493034,0.4584918618202209,0.6805087924003601,-0.0276442617177963,0.4907064020633697,0.4351005375385284,-0.4820746958255767,0.5151948481798172,0.6606006175279617,-0.2958645671606064,0.4499645307660103,0.661100760102272,-0.3243982195854187,0.5088333090146383,0.8340221842130026,0.0019825622439384,0.4530529181162516,0.8300821979840597,0.0171182366708914,,inclinandose,
0.77,0.4848693907260895,0.4621983170509338,-0.4674746692180633,0.5195349454879761,0.460372656583786,-0.2974448204040527,0.4547443687915802,0.4587668478488922,-0.298199862241745,0.5189976692199707,0.5620492696762085,-0.2588826715946197,0.4478419423103332,0.5574579834938049,-0.2638035416603088,0.4987602829933166,0.5440409183502197,"6,74E+09",0.4647023677825928,0.5429723262786865,"2,00E+11",0.5052850246429443,0.677618682384491,-0.0575045496225357,0.4579011499881744,0.6807307004928589,-0.0414329394698143,0.4907829284667969,0.4454062044620513,-0.4836116343736648,0.5156766921281815,0.6667246073484421,-0.3133328706026077,0.4498736336827278,0.6667630970478058,-0.3280504643917084,0.5087286035219828,0.8342542846997579,-0.0259078343709309,0.4527181287606557,0.8303759694099426,0.0002610584100087,,inclinandose,
0.8,0.4843665659427643,0.4736748039722442,-0.4719779193401336,0.5195325613021851,0.4662363827228546,-0.3032931685447693,0.4547625780105591,0.4667195677757263,-0.3073440790176391,0.5190369486808777,0.5653616786003113,-0.2680622637271881,0.448415070772171,0.5688415765762329,-0.277384489774704,0.4986674189567566,0.544985830783844,-0.00028303550789132714,0.4646400511264801,0.5434069037437439,0.000315019249683246,0.5047792196273804,0.6753619313240051,-0.0659101009368896,0.4577192962169647,0.6807062029838562,-0.0518832355737686,0.490610933303833,0.4574074506759643,-0.4884531140327454,0.5158941745758057,0.6724933087825775,-0.3246502429246902,0.4499706029891968,0.6745118647813797,-0.3406101688742637,0.5086950063705444,0.8338117996851603,-0.0328941418168445,0.4526462654272715,0.8306762973467509,-0.0113208064188559,,inclinandose,
0.83,0.4846378266811371,0.4833434820175171,-0.4902608692646026,0.5194150805473328,0.4720971286296844,-0.3190716505050659,0.4547812044620514,0.4710323214530945,-0.3217573463916778,0.5192103981971741,0.5719050765037537,-0.2867176532745361,0.4495394229888916,0.5735962390899658,-0.2914663851261139,0.4986789226531982,0.5449913144111633,-0.0016915866872295737,0.4646799564361572,0.5431586503982544,0.00175681512337178,0.5047232508659363,0.6665199995040894,-0.0759050473570823,0.4577548801898956,0.6762346625328064,-0.0712696239352226,0.4908159375190735,0.467611077427864,-0.5073149710893631,0.515929713845253,0.6814091205596924,-0.3507225215435028,0.4500775411725044,0.6808405965566635,-0.3593772500753402,0.5084049105644226,0.832241952419281,-0.0480086142197251,0.4524615406990051,0.8311544259389242,-0.0296474516702195,,inclinandose,
0.87,0.4851405024528503,0.4930799901485443,-0.4879580438137054,0.5193102359771729,0.4789493381977081,-0.3181937932968139,0.4548285901546478,0.4776230752468109,-0.324310690164566,0.5192568302154541,0.5778955817222595,-0.2872598171234131,0.4504460394382477,0.5794984698295593,-0.2969146370887756,0.4987117350101471,0.5450475215911865,-0.0020347360987216234,0.4646376967430115,0.542908787727356,0.0021163751371204853,0.5033436417579651,0.6614293456077576,-0.0830779001116752,0.4577665030956268,0.670792818069458,-0.0735699459910392,0.4912708908319473,0.4788473099470138,-0.5050128877162934,0.5158997923135757,0.6902924031019211,-0.3480817228555679,0.450399249792099,0.6911426782608032,-0.3624366968870163,0.5082773764928182,0.8300582766532898,-0.0572394641737143,0.4525411526362101,0.8305227160453796,-0.037611595277364,,inclinandose,
0.9,0.4857665002346039,0.5005381107330322,-0.4853524565696716,0.5192643404006958,0.486762672662735,-0.2976668775081634,0.4549102187156677,0.4822961390018463,-0.3056062757968902,0.5191847681999207,0.5869216918945312,-0.2611709237098694,0.4524129331111908,0.5866378545761108,-0.2738093137741089,0.4987218677997589,0.5437840819358826,-0.001991421217098832,0.4646349251270294,0.5399015545845032,0.002049472415819764,0.5026286244392395,0.6610584259033203,-0.0747170522809028,0.4579575955867767,0.6650418043136597,-0.0648143887519836,0.4915598481893539,0.487123304605484,-0.4886429190635681,0.5157697349786758,0.6961261034011841,-0.3281980007886886,0.4515342637896538,0.698835089802742,-0.3454247266054153,0.5081082781155905,0.8306969801584879,-0.0563124436885118,0.4525522589683532,0.8299744725227356,-0.0364939210315545,,inclinandose,
0.93,0.4859191477298736,0.5112568736076355,-0.4514732360839844,0.5188708901405334,0.4961006343364715,-0.2932651937007904,0.4550144970417022,0.4920973777770996,-0.2972800135612488,0.5188816785812378,0.594862699508667,-0.2480108737945556,0.4529630839824676,0.5936986804008484,-0.2685920894145965,0.4987351894378662,0.5432193875312805,-0.00241343816742301,0.4645188152790069,0.5381492376327515,0.0024384898133575916,0.5011261105537415,0.6623768210411072,-0.0690451264381408,0.4579786956310272,0.6637678146362305,-0.0575425215065479,0.4916057050228118,0.498520502448082,-0.4625797837972641,0.5153192579746246,0.7007180154323578,-0.2807961031794548,0.4524785205721855,0.7046962529420853,-0.3054087981581688,0.5079841613769531,0.8318936030069987,-0.0610731982936461,0.4525617857774098,0.8303774992624918,-0.0359499811505278,,inclinandose,
0.97,0.485866516828537,0.5217762589454651,-0.4551807940006256,0.5185807943344116,0.5019686818122864,-0.2919460237026214,0.4554356038570404,0.4978349506855011,-0.2964892387390136,0.5186151266098022,0.6012946367263794,-0.2457993924617767,0.453724056482315,0.6009942293167114,-0.2600924372673034,0.4987119734287262,0.5433210730552673,-0.004270333796739578,0.4643910825252533,0.5379476547241211,0.00429873401299119,0.499800443649292,0.6633460521697998,-0.0737291350960731,0.4579859673976898,0.6643139123916626,-0.0571512915194034,0.4913046151399612,0.5087687820196152,-0.4700525999069214,0.5152828395366669,0.7069091796875,-0.277143120765686,0.4536446258425712,0.7096018940210342,-0.2998210936784744,0.5081077615420023,0.8354004224141439,-0.0683721962074438,0.4528943995634715,0.8304663896560669,-0.0368709016280869,,inclinandose,
1.0,0.4851830303668976,0.5277286171913147,-0.4667994379997253,0.5184489488601685,0.5110073685646057,-0.298278272151947,0.4560028612613678,0.5061751008033752,-0.3058018982410431,0.5184831619262695,0.6094547510147095,-0.2480473816394806,0.4538968205451965,0.6092397570610046,-0.2617516815662384,0.4986799657344818,0.5432864427566528,-0.0053910198621451855,0.4640539288520813,0.5372979044914246,0.005430768709629774,0.499279260635376,0.6722214221954346,-0.0733288899064064,0.4579918384552002,0.6728202700614929,-0.0353015772998333,0.49048832654953,0.5149746477603913,-0.4828003019094467,0.5151831656694412,0.7124110162258148,-0.2820693776011467,0.4546635001897812,0.7164113968610764,-0.3062458783388138,0.5085287888844808,0.8358062704404196,-0.0651948396116495,0.4530407389005025,0.8348216613133749,-0.0124125375101963,,inclinandose,
1.03,0.4848145246505737,0.5344560146331787,-0.4942084550857544,0.5182841420173645,0.5138565301895142,-0.316728413105011,0.4568507671356201,0.5126631855964661,-0.3239384889602661,0.5184341669082642,0.6136834025382996,-0.2621743083000183,0.4540324211120605,0.6131877899169922,-0.2763926982879638,0.4992085993289947,0.5379891991615295,-0.005849117413163185,0.4641605317592621,0.5335466265678406,0.005920955445617437,0.4988882541656494,0.6718650460243225,-0.0732183083891868,0.4580015242099762,0.6724719405174255,-0.0457804203033447,0.4901412427425384,0.5244572639465332,-0.5120004057884217,0.5150766223669052,0.7183587700128555,-0.3002766072750091,0.4555905163288116,0.7216271609067917,-0.3307132869958877,0.5104882915814718,0.837516983350118,-0.0518225543200969,0.4531171520551045,0.8351436456044515,-0.0143496071298917,,inclinandose,
1.07,0.4848266541957855,0.539380669593811,-0.4983585774898529,0.518200159072876,0.5166434645652771,-0.3234041035175323,0.4569961130619049,0.5165005326271057,-0.3273054957389831,0.5181816816329956,0.6185702681541443,-0.2700460255146026,0.4541719853878021,0.6150057315826416,-0.2829042375087738,0.4992685914039612,0.5361042618751526,-0.007313181646168232,0.4641225337982178,0.5318630337715149,0.007435579784214497,0.4982336461544037,0.669666051864624,-0.0815594792366027,0.4581255614757538,0.6724766492843628,-0.0502616353332996,0.490068644285202,0.5285111248493195,-0.5167902886867524,0.5146977007389069,0.7249201685190201,-0.3094073832035064,0.4563329145312309,0.7234016358852386,-0.3427008837461471,0.5104984442392985,0.8365801572799683,-0.0545129844297965,0.4535963535308838,0.8353423873583475,-0.0241446113213896,,inclinandose,
1.1,0.4847641587257385,0.5443405508995056,-0.5053706169128418,0.5180097222328186,0.5207551717758179,-0.3305175006389618,0.4571343660354614,0.5227935910224915,-0.3308242857456207,0.5180513858795166,0.6222661137580872,-0.2796696126461029,0.4541348814964294,0.6196185350418091,-0.28778737783432,0.4996415674686432,0.5294349789619446,-0.006914509925991297,0.4642010033130646,0.5266603231430054,0.007039186544716358,0.4985235333442688,0.6646276712417603,-0.0858519375324249,0.4584717154502868,0.6700828075408936,-0.0577098838984966,0.4897003829479217,0.53203045129776,-0.5244928002357483,0.514269694685936,0.7291405647993088,-0.317261703312397,0.4569770246744156,0.7311647087335587,-0.3501108661293983,0.511099636554718,0.8308601578076681,-0.0589188287655512,0.453810195128123,0.8342388470967611,-0.0369088767523256,,inclinandose,
1.13,0.4850480556488037,0.5496351718902588,-0.4888956248760223,0.517357349395752,0.5251878499984741,-0.3191225528717041,0.4569694101810455,0.5350180864334106,-0.322262555360794,0.5173400044441223,0.625437319278717,-0.2705583572387695,0.4540365934371948,0.627574622631073,-0.2809977829456329,0.5002571940422058,0.5262218117713928,-0.005825547501444817,0.4641975462436676,0.526596188545227,0.005983214825391769,0.4986557364463806,0.6650890111923218,-0.0809352323412895,0.4584850370883941,0.6698271036148071,-0.066876083612442,0.4898804873228073,0.5369611799716949,-0.5069430857896805,0.5141146928071976,0.7335454225540161,-0.3127576485276222,0.4575927555561065,0.740300640463829,-0.3398234844207763,0.5114388267199198,0.8298975825309753,-0.0576070037980874,0.4538264671961466,0.8338916103045145,-0.0398665119428187,,inclinandose,
1.17,0.4850483238697052,0.5550289154052734,-0.4639355540275574,0.5166982412338257,0.53081876039505,-0.3025489747524261,0.4568597376346588,0.5426499843597412,-0.3051806390285492,0.5163772702217102,0.6287306547164917,-0.2442587167024612,0.4539524614810943,0.6352139115333557,-0.2556648850440979,0.5021975040435791,0.5236842036247253,-0.0049063218757510185,0.4644565880298614,0.5245903134346008,0.0050554475747048855,0.4988217353820801,0.6658788323402405,-0.0749681368470192,0.4584590494632721,0.6692317724227905,-0.0621076114475727,0.4898752510547638,0.5416983187198638,-0.4820487409830093,0.5139789432287216,0.7398147284984589,-0.2801157534122467,0.4582938030362129,0.7460286915302277,-0.3026712760329246,0.5119283199310303,0.8321341077486674,-0.0365282130272438,0.4538125296433766,0.8337153196334839,-0.0373731675402571,,inclinandose,
1.2,0.4851108491420746,0.556853175163269,-0.4768590033054352,0.5160500407218933,0.5352145433425903,-0.311856210231781,0.4568603038787842,0.5460962653160095,-0.3127914667129516,0.5158032178878784,0.6338043212890625,-0.254483014345169,0.4538918137550354,0.6393479108810425,-0.2630827128887176,0.5021055936813354,0.5253724455833435,-0.0037136171013116837,0.4644137322902679,0.5257565975189209,0.0038588461466133595,0.4988382160663605,0.6688612103462219,-0.0743592754006385,0.4584451019763946,0.670202910900116,-0.0655209273099899,0.4899208307266235,0.5470502734184265,-0.4947775959968566,0.5139854848384857,0.7442029863595963,-0.2892098948359489,0.4588742330670357,0.7502745091915131,-0.3095798119902611,0.5096315940221151,0.84049524863561,-0.0336720495931028,0.4538039167722066,0.8360111713409424,-0.0333781579975038,,inclinandose,
1.23,0.4851162433624267,0.5597637295722961,-0.4783202111721039,0.5154650211334229,0.5364030003547668,-0.3107159435749054,0.4570785462856293,0.5491155982017517,-0.3122810125350952,0.5153899192810059,0.6353327631950378,-0.2517574429512024,0.4539590179920196,0.6431748270988464,-0.2608063220977783,0.5029802322387695,0.523362934589386,-0.002121049677953124,0.464778184890747,0.5250058770179749,0.002256997860968113,0.4988676905632019,0.6677350401878357,-0.073960430920124,0.4587499499320984,0.6698259115219116,-0.0750888362526893,0.4899084389209747,0.5509548306465148,-0.4962091118097305,0.5138310045003891,0.7472500503063202,-0.280497059226036,0.4592043608427048,0.753409817814827,-0.3063553646206856,0.5092297792434692,0.8442387382189432,-0.0353864532565542,0.4538663725058238,0.8373411893844604,-0.0412909636894861,,inclinandose,
1.27,0.4845186173915863,0.560046911239624,-0.4788281917572021,0.5153207778930664,0.5401952266693115,-0.3120273053646087,0.4574684500694275,0.5458698868751526,-0.3083724677562713,0.5146490931510925,0.6409645676612854,-0.2516692280769348,0.4546335935592651,0.6435173749923706,-0.2506130933761596,0.5034674406051636,0.5213440656661987,-0.002625432563945651,0.465044766664505,0.5221973657608032,0.0027710534632205963,0.4987674653530121,0.6677544713020325,-0.0764750242233276,0.4589639008045196,0.6697273850440979,-0.0740556046366691,0.4893284499645233,0.5509480118751526,-0.4973290175199508,0.5135844051837921,0.7513612657785416,-0.2773206681013107,0.4601382538676262,0.7569863945245743,-0.2954237684607506,0.508829673131307,0.8442007899284363,-0.0378734538680873,0.4538898666699727,0.837326169013977,-0.0388348276804511,,inclinandose,
1.3,0.4839877784252167,0.5632255673408508,-0.4786188006401062,0.5149111151695251,0.5461244583129883,-0.3110006153583526,0.4580709040164947,0.5442332029342651,-0.3042159676551819,0.5139830112457275,0.6472005844116211,-0.2461249530315399,0.4547102153301239,0.6413957476615906,-0.2428105324506759,0.5035610795021057,0.5206671953201294,-0.002636478515341878,0.4651441276073456,0.5211828351020813,0.0027790216263383627,0.4988153278827667,0.6678487062454224,-0.0763862654566764,0.4584631621837616,0.6696076989173889,-0.0712767094373703,0.4887610435485839,0.55362748503685,-0.4964782416820526,0.5124010443687439,0.7535136491060257,-0.2706285864114761,0.4616512805223465,0.7571864426136017,-0.2884426638484001,0.5087256828943888,0.8436567982037863,-0.0347284156208237,0.453907440106074,0.8378029266993204,-0.0370072961474458,,inclinandose,
1.33,0.4837461411952972,0.565833330154419,-0.4871478974819183,0.5144253969192505,0.5458137392997742,-0.3173339664936065,0.4585857987403869,0.5440678000450134,-0.3055533170700073,0.5139089226722717,0.6469012498855591,-0.2521238625049591,0.4548869729042053,0.6407981514930725,-0.2466579526662826,0.5035598278045654,0.5177831649780273,-0.00304907513782382,0.4652633368968963,0.5173807740211487,0.003197203855961561,0.4989902675151825,0.6679030656814575,-0.0818973332643508,0.4584599137306213,0.6674925684928894,-0.0739014074206352,0.4884941637516021,0.5572710514068604,-0.5062696069478989,0.5117928087711334,0.754999965429306,-0.2769783213734627,0.4618446379899978,0.7592889815568924,-0.2957677543163299,0.5088972449302673,0.8453259269396464,-0.0395079384713123,0.4539701839288075,0.8385019501050314,-0.0356912307567351,,inclinandose,
1.37,0.4843540787696838,0.5669910907745361,-0.5036783218383789,0.5144994854927063,0.5422325730323792,-0.325357049703598,0.4598358571529388,0.5418694615364075,-0.3157820701599121,0.5140662789344788,0.6425799131393433,-0.2531479001045227,0.4562405347824096,0.6385154128074646,-0.2469408810138702,0.5054526329040527,0.5121905207633972,-0.004606268368661404,0.465297669172287,0.5078591704368591,0.004767130129039288,0.4990406036376953,0.6668701171875,-0.0816246271133422,0.4596278965473175,0.665347695350647,-0.0714768394827842,0.4887970387935638,0.5575925529003143,-0.5230989933013916,0.5117591917514801,0.7568512707948685,-0.2772974222898483,0.4620875492691993,0.7630070745944977,-0.3017039597034454,0.5083168148994446,0.8451460202534994,-0.0303357060377796,0.4541594386100769,0.8382165233294169,-0.0232391034563382,,inclinandose,
1.4,0.484799712896347,0.5674173831939697,-0.4716612696647644,0.5153257250785828,0.5431740880012512,-0.304280936717987,0.46035236120224,0.543583333492279,-0.2989304065704345,0.5141684412956238,0.6400922536849976,-0.2294400632381439,0.4577031433582306,0.6386926770210266,-0.2335924655199051,0.5052015781402588,0.5214221477508545,-0.00443511875346303,0.4659879803657532,0.5188506841659546,0.0045974948443472385,0.499883621931076,0.6669139862060547,-0.0900654047727584,0.4599477648735046,0.6654614806175232,-0.0805970057845115,0.4891765266656875,0.5598065078258514,-0.4914699614048004,0.511816143989563,0.7564460635185242,-0.2534315846860409,0.4622397124767303,0.7631468325853348,-0.2827719375491142,0.5084961652755737,0.8472878932952881,-0.0537766565879186,0.4543968935807546,0.8397814035415649,-0.0462757830197612,,inclinandose,
1.43,0.4848058223724365,0.5692764520645142,-0.4661409258842468,0.515784740447998,0.5457751750946045,-0.3011732697486877,0.4603660106658935,0.5449714064598083,-0.2969582080841064,0.5142382383346558,0.6447542309761047,-0.2243190556764602,0.4579611122608185,0.6397804021835327,-0.2283865213394165,0.5050920844078064,0.5216882228851318,-0.004498802591115236,0.4671531319618225,0.5190030932426453,0.004654601216316223,0.5004013776779175,0.6677528023719788,-0.0817170068621635,0.4600579738616943,0.6667636632919312,-0.060282077640295,0.4891687363386154,0.5614953875541687,-0.4862927138805389,0.5118678063154221,0.7579841017723083,-0.2394363544881343,0.4620495289564132,0.7642445266246796,-0.2712505459785461,0.5084840456644694,0.8469881614049276,-0.039464280474931,0.4543980459372203,0.8395899534225464,-0.0241136892388264,,inclinandose,
1.47,0.4844642877578735,0.5680087804794312,-0.4690572619438171,0.5162238478660583,0.5471433401107788,-0.3056961297988891,0.4602796137332916,0.5434044003486633,-0.2974457740783691,0.5150088667869568,0.6477126479148865,-0.2277717441320419,0.4577785134315491,0.6395236849784851,-0.2273084819316864,0.5049871206283569,0.5176582932472229,-0.006763160694390535,0.4673740863800049,0.5135077238082886,0.006916345097124577,0.500675618648529,0.6642435193061829,-0.0810626074671745,0.460110068321228,0.6663002371788025,-0.0594417005777359,0.4888224363327026,0.5613598942756652,-0.4890547305345535,0.5119102299213409,0.7606794536113739,-0.255712304264307,0.4620248302817344,0.76527339220047,-0.270076610147953,0.5097524722417196,0.8382182916005453,-0.0336824503998893,0.4544182618459065,0.8383551041285197,-0.0160258188843727,,inclinandose,
1.5,0.484400987625122,0.5700801610946655,-0.4707395732402801,0.5164692401885986,0.5493046641349792,-0.3069233000278473,0.4602028429508209,0.5439208745956421,-0.2989758253097534,0.5150412917137146,0.6517077088356018,-0.2339041531085968,0.4583009779453277,0.641055703163147,-0.2303065061569214,0.504913330078125,0.518078088760376,-0.006788803264498711,0.4675128757953644,0.5144542455673218,0.006934838835150003,0.5010697841644287,0.664915919303894,-0.0815798044204711,0.460128903388977,0.6650318503379822,-0.0608236752450466,0.4887139141559601,0.5627044022083283,-0.4919351547956466,0.5118702501058578,0.7615620791912079,-0.2550195232033729,0.462144061923027,0.7659717500209808,-0.2728818207979202,0.5090782443682352,0.8386085629463196,-0.0346550837275572,0.4544094701608022,0.8377738992373148,-0.0184835325926542,,inclinandose,
1.53,0.4843071699142456,0.5714113116264343,-0.4771688878536224,0.5165029764175415,0.5507195591926575,-0.310617983341217,0.4602173864841461,0.544147789478302,-0.2996636629104614,0.5150653719902039,0.6535091996192932,-0.2377915978431701,0.4582788348197937,0.6407942175865173,-0.2309989929199218,0.5048573613166809,0.5182868242263794,-0.006699339020997286,0.4677425026893616,0.5144679546356201,0.006842498667538166,0.5014603137969971,0.6654646992683411,-0.0864636227488517,0.4601256251335144,0.663665771484375,-0.0715448334813118,0.48852918446064,0.5642189085483551,-0.4986692696809768,0.5118067413568497,0.7619034945964813,-0.2575661316514015,0.4621148258447647,0.7656444162130356,-0.2760239914059639,0.509449323018392,0.8389537731806437,-0.0437970925122499,0.4544092317422231,0.837094763914744,-0.0260418729546169,,inclinandose,
1.57,0.4843015968799591,0.5713678002357483,-0.4856347739696502,0.5165997743606567,0.5508663654327393,-0.3194293975830078,0.4600711464881897,0.5446973443031311,-0.3040440678596496,0.5151376724243164,0.6535360217094421,-0.2469600141048431,0.4582155644893646,0.6440274119377136,-0.2333296239376068,0.5047860145568848,0.5184177756309509,-0.006938070058822632,0.4677557945251465,0.5144364833831787,0.007077836897224188,0.5014874339103699,0.6655890345573425,-0.0858184248208999,0.4601514935493469,0.6635237336158752,-0.0649401172995567,0.4885214000940323,0.5647297739982605,-0.5072028189897537,0.5118705034255981,0.7624411880970001,-0.2677996307611465,0.4620641022920608,0.7662560343742371,-0.2781231924891472,0.5091211398442587,0.8405187328656515,-0.0367203521891497,0.4544368684291839,0.836664060751597,-0.0134876395265261,,inclinandose,
1.6,0.4841099083423614,0.571763277053833,-0.4891010820865631,0.5167068839073181,0.5502802133560181,-0.3232685029506683,0.4598948657512665,0.5443701148033142,-0.3059552013874054,0.5153135657310486,0.6528483033180237,-0.2495751827955246,0.4581728875637054,0.6445006728172302,-0.2320672124624252,0.5047320127487183,0.5170023441314697,-0.007465132512152195,0.467882364988327,0.5128428936004639,0.007606079336255789,0.5014827251434326,0.6656973361968994,-0.0855147466063499,0.4602086842060089,0.6626940369606018,-0.0635794401168823,0.4883466273546218,0.5658304512500762,-0.5108847945928574,0.5120403170585632,0.7629501968622208,-0.2679762914776802,0.4619686603546142,0.7669000178575516,-0.2748091518878937,0.5088537732760111,0.8428449034690857,-0.035125903552398,0.4545199771722157,0.8360231320063273,-0.011676512658596,,inclinandose,
1.63,0.4839248657226562,0.5735894441604614,-0.4902760088443756,0.5170760750770569,0.5498816967010498,-0.3208208978176117,0.4596157371997833,0.544284462928772,-0.3102761507034302,0.5155380368232727,0.6524266600608826,-0.2454862296581268,0.4581317901611328,0.6456625461578369,-0.2323340475559234,0.5046882033348083,0.5171496868133545,-0.007136655505746603,0.4678736329078674,0.513268232345581,0.007271923590451479,0.5015537738800049,0.6669195294380188,-0.0847480818629264,0.4602229595184326,0.6627694368362427,-0.0634440779685974,0.4882073044776917,0.5678125441074371,-0.5117955803871155,0.5123612731695175,0.7633495330810547,-0.262068934738636,0.4619257748126983,0.7684284150600433,-0.2774231731891632,0.5085807840029398,0.8441982666651408,-0.0307010596928497,0.4545652468999226,0.8355707923571268,-0.0108488487700621,,inclinandose,
1.67,0.483928382396698,0.5749028921127319,-0.4898184537887573,0.5172929763793945,0.5494518280029297,-0.3195573687553406,0.4595273435115814,0.5445262789726257,-0.3113819360733032,0.5160087943077087,0.6521442532539368,-0.2433152943849563,0.458191305398941,0.6455860733985901,-0.2327602207660675,0.5044846534729004,0.5173047780990601,-0.007091350853443146,0.4678150713443756,0.5139686465263367,0.0072274962440133095,0.5015518069267273,0.6669237613677979,-0.0840205550193786,0.4602445960044861,0.6632626056671143,-0.0625862032175064,0.4882108449935913,0.5690686166286468,-0.5111939579248428,0.5126359611749649,0.7628361731767654,-0.2618645988404751,0.4619077816605568,0.7687366306781769,-0.280530996620655,0.5086049636205038,0.8443961143493652,-0.0317044115314881,0.4545982877413432,0.835636556148529,-0.011814488718907,,inclinandose,
1.7,0.4839606881141662,0.5746181607246399,-0.4886667728424072,0.5174264907836914,0.5492808818817139,-0.3191691935062408,0.4594863951206207,0.5443628430366516,-0.3108047842979431,0.5161278247833252,0.6517136096954346,-0.2392138391733169,0.4583410322666168,0.6451801061630249,-0.2338314801454544,0.504332423210144,0.5167509913444519,-0.007075821980834007,0.4678035974502563,0.5141857862472534,0.007208198308944702,0.5012897849082947,0.6669798493385315,-0.0820730775594711,0.4603382647037506,0.6656138300895691,-0.0588731691241264,0.4882577270269393,0.5689545273780823,-0.5096906065940857,0.5133685022592545,0.7627479434013367,-0.2581987455487251,0.4618845880031585,0.7688819169998169,-0.2816669419407844,0.5088043212890625,0.8455214699109396,-0.02770499434943,0.4547214210033417,0.8358448346455892,-0.0092807132750749,,inclinandose,
1.73,0.4840242862701416,0.5746880173683167,-0.4850784540176391,0.5177764296531677,0.5491867065429688,-0.317537784576416,0.4594776332378387,0.5443018078804016,-0.3101085722446441,0.5161715149879456,0.651452898979187,-0.2385796010494232,0.4584201574325561,0.6448850035667419,-0.234244167804718,0.5041128993034363,0.5167785882949829,-0.0070419153198599815,0.4677949547767639,0.5143464207649231,0.007177143357694149,0.5006751418113708,0.6670935153961182,-0.0796689614653587,0.4603979587554931,0.6656638383865356,-0.0557075180113315,0.4883406639099121,0.5694455325603485,-0.5064170122146606,0.5139981657266617,0.7627341151237488,-0.2590977028012275,0.4617933258414268,0.768547773361206,-0.2819103896617889,0.5105264782905579,0.8443681001663208,-0.0242947495232025,0.454827884833018,0.8359951774279276,-0.0058701920012633,,inclinandose,
1.77,0.4840253293514251,0.5742868781089783,-0.4850129783153534,0.5179706811904907,0.5489671230316162,-0.3178977966308594,0.4594593644142151,0.5444454550743103,-0.3108372688293457,0.5161970257759094,0.651299238204956,-0.2403797358274459,0.458261102437973,0.644632875919342,-0.2390571236610412,0.5040118098258972,0.5168178677558899,-0.007018501404672861,0.4677049219608307,0.5163635015487671,0.007154949940741062,0.5006832480430603,0.6675302982330322,-0.0796013250946998,0.4604026079177856,0.6671132445335388,-0.0553061105310916,0.4883508771657944,0.5695235133171082,-0.5063287407159806,0.5144587010145187,0.7624515891075134,-0.2644406221807003,0.4616750031709671,0.7687596082687378,-0.2897632047533989,0.5101107557614645,0.8443289796511332,-0.0227125311891237,0.4550211131572723,0.8360303441683451,-0.0017623628179232,,inclinandose,
1.8,0.4840162694454193,0.5739637613296509,-0.48735311627388,0.5180492997169495,0.548471987247467,-0.3215537071228027,0.4594458341598511,0.5443779230117798,-0.3140043914318084,0.5162301659584045,0.6510693430900574,-0.2505629360675812,0.4582404494285583,0.6447482705116272,-0.24751678109169,0.5038560032844543,0.5166904330253601,-0.0070905666798353195,0.4676356017589569,0.5162001848220825,0.00723026180639863,0.5006411075592041,0.6681211590766907,-0.0783562362194061,0.4604126513004303,0.6672481894493103,-0.0526105910539627,0.4883530139923095,0.569539362192154,-0.5086667835712433,0.5149655193090439,0.7625306397676468,-0.2775116711854934,0.4615427181124687,0.7684787511825562,-0.3000000864267349,0.5099268158276876,0.844237764676412,-0.0178207835803429,0.4551484882831573,0.8360921740531921,0.0051204189658164,,inclinandose,
1.83,0.4840133190155029,0.5737335681915283,-0.4915753602981567,0.5180675387382507,0.547403872013092,-0.3270311653614044,0.4594394862651825,0.5442947745323181,-0.3180415332317352,0.5162352323532104,0.6508089303970337,-0.2594427764415741,0.4582480788230896,0.6449216604232788,-0.255445659160614,0.5036730170249939,0.5161707997322083,-0.007287661079317331,0.4675346612930298,0.5157789587974548,0.007433358114212751,0.5003399848937988,0.6689821481704712,-0.0772151574492454,0.4604250788688659,0.6688863635063171,-0.0488868430256843,0.4883622705936432,0.5692476034164429,-0.5127238124608994,0.5154198408126831,0.7626840174198151,-0.2869575843214988,0.461353488266468,0.7684230506420135,-0.3083529323339462,0.5097598632176717,0.8444863557815552,-0.0138080113877852,0.4552144606908162,0.8361267646153768,0.0126503507296244,,inclinandose,
1.87,0.4840136468410492,0.5735973119735718,-0.4895532429218292,0.5180871486663818,0.5464094877243042,-0.3255511224269867,0.4594282507896423,0.5438562035560608,-0.3164763450622558,0.5162613987922668,0.6504994034767151,-0.2563352882862091,0.4582357108592987,0.6449345350265503,-0.2524231374263763,0.5035819411277771,0.5159920454025269,-0.007165723945945501,0.4674795866012573,0.5163677930831909,0.007313744630664587,0.5002506971359253,0.6696656346321106,-0.0740388035774231,0.4603670537471771,0.669989287853241,-0.048335812985897,0.4883694231510162,0.5690060973167419,-0.5105946600437165,0.5157757252454758,0.7626908719539642,-0.2836876884102821,0.4611725881695747,0.7683264762163162,-0.3029190301895141,0.5104943116505941,0.844500740369161,-0.012739544113477,0.4552516043186188,0.8359936277071635,0.0098632226387659,,inclinandose,
1.9,0.4840487241744995,0.5724591016769409,-0.4847539961338043,0.518072783946991,0.5451295375823975,-0.3252850770950317,0.4594356715679168,0.5436747074127197,-0.3156104683876037,0.5162791609764099,0.6497430801391602,-0.2540842592716217,0.4582256376743316,0.6448652744293213,-0.2531746625900268,0.5034555196762085,0.5158419013023376,-0.007009579800069332,0.4674286246299743,0.5165355205535889,0.00716005964204669,0.5000123977661133,0.6697568297386169,-0.0725410655140876,0.4603679478168487,0.669992208480835,-0.0493157096207141,0.4884355634450912,0.5687644958496094,-0.5052930325269699,0.5159400254487991,0.7626146674156189,-0.2797625437378883,0.4610017091035843,0.7682555317878723,-0.302872747182846,0.509838322798411,0.8449663718541464,-0.0122654077907403,0.4552904466787974,0.8355140487353007,0.0088132123152414,,inclinandose,
1.93,0.4840705394744873,0.5719512104988098,-0.4819586277008056,0.5180554986000061,0.5445552468299866,-0.3232885003089905,0.4594289362430572,0.5436440110206604,-0.3151800632476806,0.5162875652313232,0.6492428183555603,-0.2529866695404053,0.4582180976867676,0.6448411345481873,-0.2534610331058502,0.5033707618713379,0.5165975689888,-0.006830128375440836,0.4673591256141662,0.5170929431915283,0.006982383318245411,0.4998261034488678,0.6722661256790161,-0.0720163434743881,0.460431307554245,0.6701039671897888,-0.0502119027078151,0.4884874910116196,0.5685679256916046,-0.5022161453962326,0.5160787850618362,0.7625606209039688,-0.277949571609497,0.4608180075883865,0.7682595998048782,-0.3031544759869575,0.5099992156028748,0.8446345130602518,-0.0134445130825042,0.4553349713484446,0.8347733418146769,0.0069419480860233,,inclinandose,
1.97,0.4840714335441589,0.5713103413581848,-0.4808732569217682,0.5179035067558289,0.5438276529312134,-0.3207851946353912,0.4594277441501617,0.5435409545898438,-0.3134014904499054,0.5163478255271912,0.648800253868103,-0.2522610127925873,0.4582065045833587,0.6447522044181824,-0.2522423267364502,0.5032376050949097,0.5162372589111328,-0.0068207294680178165,0.4673525393009186,0.5171471238136292,0.00697316275909543,0.4997589588165283,0.671431839466095,-0.0761599242687225,0.4606160521507263,0.6700277328491211,-0.0522883385419845,0.4884832054376602,0.5680601179599762,-0.5012421399354935,0.5163101255893707,0.7624118328094482,-0.2781921252608299,0.4607922583818435,0.7683393657207489,-0.3033292815089226,0.509487251440684,0.8434683283170065,-0.0248351542589565,0.4554113248984019,0.8335976004600525,-0.0017422437667846,,inclinandose,
2.0,0.4840804040431976,0.5711062550544739,-0.4795492887496948,0.5179092884063721,0.543609619140625,-0.3190752565860748,0.4594246745109558,0.5434965491294861,-0.312254786491394,0.5165391564369202,0.6486685276031494,-0.2509549558162689,0.4581058323383331,0.6445998549461365,-0.251400738954544,0.5031890869140625,0.5155696272850037,-0.006811497732996941,0.4673376679420471,0.5157593488693237,0.006963773164898157,0.4997598230838775,0.6709813475608826,-0.074697621166706,0.4606472253799438,0.6695001721382141,-0.0504392273724079,0.4884957551956176,0.5676155149936676,-0.499989441037178,0.5164070725440979,0.7623761296272278,-0.2769032344222069,0.4607760980725288,0.7683038264513016,-0.3009099960327148,0.5101112922032675,0.8411829272905985,-0.0175431439032157,0.4554261366526286,0.8328770796457926,0.0047172531485557,,inclinandose,
2.03,0.4841786026954651,0.5711050033569336,-0.4795764982700348,0.518057644367218,0.5434585213661194,-0.3185943365097046,0.4594227075576782,0.5432347059249878,-0.3109505772590637,0.5169641971588135,0.6481425166130066,-0.2480679452419281,0.4580763280391693,0.6445632576942444,-0.2466544061899185,0.5031874775886536,0.5145082473754883,-0.006878170650452375,0.4674378633499145,0.5139161944389343,0.0070298342034220695,0.4997873902320862,0.6706568002700806,-0.0724906474351883,0.4608007073402405,0.6694039106369019,-0.0455201752483844,0.4886147439479827,0.5672098636627197,-0.5001298755407333,0.5164036005735397,0.7623510807752609,-0.2707128822803497,0.4606929197907448,0.7683004289865494,-0.2936800569295883,0.5109592278798422,0.8385313153266907,-0.0128448518613974,0.4554540713628133,0.831918994585673,0.0102660047511259,,inclinandose,
2.07,0.4841901659965515,0.5710747241973877,-0.4801066517829895,0.5180994272232056,0.5432833433151245,-0.3193745911121368,0.4594193994998932,0.542486310005188,-0.3100627660751343,0.5172120928764343,0.647375762462616,-0.2481182515621185,0.4580108821392059,0.6443815231323242,-0.2424410134553909,0.5031839609146118,0.5139663815498352,-0.007854066789150238,0.4674409925937652,0.51282799243927,0.008003938011825085,0.4998146593570709,0.670380711555481,-0.0719160884618759,0.460821270942688,0.6691100001335144,-0.040041297674179,0.4886490225791931,0.5667147159576416,-0.5011229425668716,0.5163945704698563,0.7623074948787689,-0.2706489935517311,0.4606429114937782,0.7682882994413376,-0.2882927358150482,0.5114306211471558,0.8375166455904642,-0.0137768114606539,0.4554445544878642,0.8317018946011862,0.0142622478306293,,inclinandose,
2.1,0.4841916561126709,0.5708693861961365,-0.4806082248687744,0.5181018710136414,0.5427553653717041,-0.3193540275096893,0.4593856632709503,0.5414572358131409,-0.3097260892391205,0.5176247954368591,0.6459746956825256,-0.2474313229322433,0.4578336775302887,0.6441910266876221,-0.2410467565059662,0.5031773447990417,0.514015257358551,-0.007936326786875725,0.4674059748649597,0.512791097164154,0.008081940934062004,0.4999124109745025,0.6703168153762817,-0.0721808448433876,0.4608228206634521,0.6690124869346619,-0.041676715016365,0.4886584192514419,0.5656158030033112,-0.5017691522836685,0.5163458585739136,0.7615243494510651,-0.26900365203619,0.4605271518230438,0.7682538032531738,-0.2866478785872459,0.5112807353337606,0.8395114541053772,-0.015391510600845,0.4554482698440552,0.8317707578341166,0.011714265992244,,inclinandose,
2.13,0.4841949641704559,0.5708641409873962,-0.4809195399284363,0.5181913375854492,0.5427333116531372,-0.3187999725341797,0.4593065977096557,0.5407844185829163,-0.3093152344226837,0.5179335474967957,0.6457640528678894,-0.2463604658842086,0.4577849805355072,0.6439913511276245,-0.2401105612516403,0.5031716227531433,0.514348566532135,-0.00790989026427269,0.467363566160202,0.5128805637359619,0.00805569440126419,0.5000759959220886,0.670016348361969,-0.0765697211027145,0.4608233571052551,0.6688889861106873,-0.0425536222755909,0.4886913686990738,0.5650180101394653,-0.5021366983652115,0.5161962658166885,0.7614386528730392,-0.2688993588089943,0.4604860320687294,0.768218919634819,-0.2864803820848465,0.5111806988716125,0.8398664196332296,-0.0269410406860212,0.455444445212682,0.8318952719370524,0.0037894087533156,,inclinandose,
2.17,0.4841897487640381,0.5708553194999695,-0.4833073616027832,0.5182679891586304,0.5427238941192627,-0.3192007541656494,0.4592372179031372,0.5400002002716064,-0.3093454241752624,0.5179769992828369,0.6456745862960815,-0.2475649863481521,0.4577564299106598,0.6434051394462585,-0.2397143691778183,0.5031812191009521,0.514378011226654,-0.00788926612585783,0.4673597812652588,0.5128365755081177,0.008034512400627136,0.5001901388168335,0.6684220433235168,-0.0766170620918273,0.4608235955238342,0.6684158444404602,-0.0430154614150524,0.4886912047863007,0.564542955160141,-0.5045374900102615,0.5154456496238708,0.76116943359375,-0.2711937502026558,0.4604410454630852,0.7681125849485397,-0.2861240580677986,0.5115168690681458,0.8388339678446451,-0.0280160832529266,0.4554437299569447,0.8319813211758932,0.0002821385860443,,inclinandose,
2.2,0.4841901361942291,0.5708411335945129,-0.486282467842102,0.518346905708313,0.5427154898643494,-0.3191970288753509,0.4592163264751434,0.5397518277168274,-0.3095966875553131,0.5179722309112549,0.6454534530639648,-0.2470869272947311,0.457761287689209,0.6426950097084045,-0.2394753694534301,0.5032778978347778,0.5143840909004211,-0.007486005313694477,0.4673983156681061,0.5126173496246338,0.00762246735394001,0.5002990961074829,0.6627042293548584,-0.0808325633406639,0.4608452022075653,0.6672284007072449,-0.0518974848091602,0.488695415854454,0.5637826800346375,-0.5076193630695343,0.5143474489450455,0.7596399039030075,-0.2709815502166748,0.4603778347373009,0.767972394824028,-0.2864264994859695,0.5103118817011515,0.8383578856786092,-0.0362892269088964,0.4554462929566701,0.8318916161855062,-0.012524272625645,,inclinandose,
2.23,0.4842182397842407,0.5705946087837219,-0.4925695359706878,0.5185086131095886,0.5427668690681458,-0.3215765655040741,0.4592299461364746,0.5396274924278259,-0.3100971579551697,0.5177555084228516,0.6455621719360352,-0.247525617480278,0.4578079283237457,0.64247065782547,-0.2382303327322006,0.503443717956543,0.5125792622566223,-0.007134870160371065,0.4675424993038177,0.5089578628540039,0.007275422569364309,0.500270426273346,0.6596877574920654,-0.0842496678233146,0.4609099328517914,0.6659123301506042,-0.0584605820477008,0.4887075513601303,0.5633839070796967,-0.5140757590532303,0.5134740918874741,0.7591115534305573,-0.2709832340478897,0.4601562395691871,0.7679674029350281,-0.2857856750488281,0.5100828011830648,0.8359908858935038,-0.0390737572840104,0.4554299016793569,0.8301681081453959,-0.0182784646749496,,inclinandose,
2.27,0.4841571748256683,0.5689694881439209,-0.4913884401321411,0.5185410380363464,0.5427625775337219,-0.3205281496047973,0.4592353999614715,0.539310097694397,-0.3084540069103241,0.5171475410461426,0.6453931927680969,-0.2468871176242828,0.4578089416027069,0.6414850354194641,-0.2355881482362747,0.5038014054298401,0.5141696333885193,-0.0067351991310715675,0.4675957560539245,0.5090492367744446,0.006871023681014776,0.5002803206443787,0.660075306892395,-0.0858253464102745,0.4609234035015106,0.665655791759491,-0.0608932822942733,0.4886317074298859,0.5618019044399262,-0.5126433163881302,0.5128892809152603,0.7580762952566147,-0.270139031112194,0.4598749354481697,0.7672677636146545,-0.2832310423254967,0.5096500913302103,0.838959276676178,-0.0446724938228726,0.455403596162796,0.8306888143221537,-0.022663134150207,,inclinandose,
2.3,0.4840797185897827,0.5681617856025696,-0.4904655814170837,0.5185871124267578,0.5427801609039307,-0.3204496204853058,0.4592541754245758,0.5393236875534058,-0.3070075213909149,0.5165605545043945,0.6452240347862244,-0.2470993250608444,0.4578118324279785,0.6410866975784302,-0.23387311398983,0.5040380954742432,0.5141833424568176,-0.006779147777706385,0.4677082300186157,0.509273886680603,0.006916741840541363,0.5002360343933105,0.6603955030441284,-0.0848037451505661,0.4609115421772003,0.6656314134597778,-0.0607812777161598,0.4885911464691162,0.5606699168682099,-0.5116659462451935,0.5120740830898285,0.7579884231090546,-0.2701767012476921,0.459634929895401,0.7667880654335022,-0.2817582488059997,0.5113115111986796,0.8373529116312662,-0.0399234538587431,0.4553146560986836,0.8309943079948425,-0.016749824086825,,inclinandose,
2.33,0.4840809106826782,0.5671652555465698,-0.4769692420959472,0.5186154246330261,0.5425032377243042,-0.3139101564884186,0.4593736231327057,0.5394042134284973,-0.2999703884124756,0.5160077810287476,0.6438238620758057,-0.2397452294826507,0.4579953253269195,0.6401475071907043,-0.2239259332418441,0.5043606162071228,0.5146334767341614,-0.006656998302787542,0.4677889347076416,0.5093461275100708,0.006789103616029024,0.5002359747886658,0.6606333255767822,-0.0736646726727485,0.4609099626541137,0.6656196713447571,-0.0516377352178096,0.4886090993881226,0.5594528973102569,-0.4983991265296936,0.5113208144903183,0.757197842001915,-0.257219448685646,0.4595547765493393,0.7629709839820862,-0.2648473568260669,0.5110961397488912,0.8427260518074036,-0.0386572787150119,0.4551524023214976,0.8341061671574911,-0.0146762126435836,,inclinandose,
2.37,0.4843772351741791,0.5647721886634827,-0.4666996002197265,0.5186144709587097,0.5411505103111267,-0.3081227540969848,0.4595064222812652,0.5387464761734009,-0.2968268096446991,0.515891969203949,0.6424097418785095,-0.2358409613370895,0.4579968750476837,0.639415979385376,-0.2233052998781204,0.5044062733650208,0.5146393775939941,-0.006498231552541256,0.4677880406379699,0.5095297694206238,0.006619577761739492,0.5005099177360535,0.6611448526382446,-0.0709073022007942,0.4610209465026855,0.6647660136222839,-0.0451921746134758,0.4888862013816833,0.5559355020523071,-0.4877455592155456,0.5110139101743698,0.7549276053905487,-0.2546279169619083,0.4594970047473907,0.7591762542724609,-0.2612888589501381,0.5113717913627625,0.8412725528081259,-0.0360878215481837,0.4550168911616007,0.8360542257626852,-0.013951734950145,,inclinandose,
2.4,0.4848465025424957,0.5621443390846252,-0.4605198204517364,0.5185658931732178,0.5383217930793762,-0.3031066060066223,0.4596547782421112,0.5377779006958008,-0.2934816777706146,0.5157442092895508,0.6398562788963318,-0.2315462976694107,0.4580626487731933,0.6378631591796875,-0.2209242135286331,0.5044015645980835,0.5141282677650452,-0.006157122552394867,0.4676930904388428,0.5094393491744995,0.0062696365639567375,0.5007179975509644,0.6587597131729126,-0.0713933035731315,0.4610203206539154,0.6640669703483582,-0.0461561754345893,0.489529550075531,0.5516789555549622,-0.4811238437891006,0.5109886080026627,0.7528017610311508,-0.2515918202698231,0.4593396931886673,0.7558718323707581,-0.2578156553208828,0.5115078290303549,0.839164117972056,-0.0364081945735961,0.4548680086930592,0.8366245826085409,-0.0202937694266438,,inclinandose,
2.43,0.4849277138710022,0.5593677163124084,-0.4665944874286651,0.5185671448707581,0.5358821153640747,-0.3060303032398224,0.4597815871238708,0.5321255922317505,-0.2956275641918182,0.5154412388801575,0.6337224245071411,-0.230160653591156,0.4580826759338379,0.6308901309967041,-0.2195586413145065,0.5045294761657715,0.514407753944397,-0.006120995152741671,0.4676811695098877,0.5092775225639343,0.006237727124243975,0.5008039474487305,0.6586931347846985,-0.0746154636144638,0.4611663222312927,0.6628485321998596,-0.048999898135662,0.4897145330905914,0.5493640661239624,-0.4868672758340835,0.510551393032074,0.7486265301704407,-0.2521727420389652,0.4591754451394081,0.7519149780273438,-0.2626888416707515,0.5109745065371195,0.8370709419250488,-0.0355580667189011,0.4547802011171977,0.8365830977757772,-0.0212086432923873,,inclinandose,
2.47,0.4849256873130798,0.5567764043807983,-0.4761461317539215,0.5185744762420654,0.5332930684089661,-0.3064994812011719,0.4595090746879577,0.5294054746627808,-0.2964486479759216,0.5154271125793457,0.6305627822875977,-0.2323233634233474,0.4574959874153137,0.6279420256614685,-0.2204361855983734,0.5045369863510132,0.515173077583313,-0.005894545000046492,0.4674705266952514,0.5093103051185608,0.006019300781190395,0.5006459951400757,0.6586621999740601,-0.080173872411251,0.4612574279308319,0.6614578366279602,-0.0548688657581806,0.4897309392690658,0.544769024848938,-0.4977241337299347,0.5101865082979202,0.7435213476419449,-0.2542101703584194,0.4588454887270927,0.7475244700908661,-0.2655958421528339,0.5106706221898397,0.835381825764974,-0.0406673327088356,0.4547180632750193,0.8364823261896769,-0.0281414429967602,,inclinandose,
2.5,0.4851027131080627,0.5519858002662659,-0.4750121533870697,0.5185134410858154,0.5288986563682556,-0.3078517317771911,0.4592597186565399,0.5256712436676025,-0.2952250838279724,0.5154111385345459,0.6258417367935181,-0.2333962619304657,0.4571910798549652,0.6246050596237183,-0.219559758901596,0.5044348239898682,0.5139561891555786,-0.006366264075040817,0.4669276177883148,0.5093532800674438,0.006495767273008823,0.500229001045227,0.6568643450737,-0.0880013331770896,0.461421936750412,0.6597105264663696,-0.057005874812603,0.4899024277925491,0.5390639185905457,-0.4963425159454345,0.5101675540208817,0.7389081418514252,-0.2648040242493152,0.4588409885764122,0.7423070222139359,-0.2667564153671264,0.510654866695404,0.8333079218864441,-0.0526160827527443,0.4547422130902608,0.8360954324404398,-0.0316863671566049,,inclinandose,
2.53,0.485113114118576,0.5480558276176453,-0.468392938375473,0.5184855461120605,0.5261954069137573,-0.3044049739837646,0.4589982330799103,0.523481011390686,-0.2914304137229919,0.5155474543571472,0.6224184036254883,-0.2336206138134002,0.4568670690059662,0.6223123669624329,-0.2192538976669311,0.5044329166412354,0.5139251947402954,-0.006344993133097887,0.4668905138969421,0.5093986392021179,0.00647406792268157,0.503411054611206,0.6571474075317383,-0.0928432419896125,0.4618789851665497,0.6585543155670166,-0.0684982612729072,0.4899842649698257,0.5332328259944916,-0.4887109726667404,0.5102707147598267,0.7350651770830154,-0.267227903008461,0.4585199654102325,0.7373355180025101,-0.2675959207117557,0.5107097625732422,0.8327671488126119,-0.0641158347328503,0.454838107029597,0.8356353441874186,-0.0448508157084385,,inclinandose,
2.57,0.4850983023643493,0.5413221120834351,-0.4750131964683532,0.5184682011604309,0.5215399265289307,-0.3055271506309509,0.4587610960006714,0.5158885717391968,-0.293070524930954,0.5156340599060059,0.6158220767974854,-0.2361312210559845,0.4566206037998199,0.6155558228492737,-0.22015181183815,0.5046550035476685,0.5118707418441772,-0.006481776479631662,0.4667562842369079,0.5093614459037781,0.006611772812902927,0.5007375478744507,0.6496602296829224,-0.1006077975034713,0.4621537029743194,0.6567480564117432,-0.0728506743907928,0.4901343643665313,0.5262950420379638,-0.4948579967021942,0.5106571763753891,0.7289324253797531,-0.2677576765418052,0.4582771360874176,0.731264591217041,-0.2720563039183616,0.5112524032592773,0.8324574828147888,-0.0773333460092544,0.454995850721995,0.8352814515431722,-0.0502327202508846,,inclinandose,
2.6,0.485470563173294,0.5313031673431396,-0.4867384433746338,0.5185004472732544,0.5148885250091553,-0.3099119663238525,0.4583912491798401,0.5102992653846741,-0.3039447367191314,0.5156435966491699,0.6108554601669312,-0.2459565103054046,0.4566024839878082,0.6111802458763123,-0.2361614853143692,0.5049014091491699,0.5114387273788452,-0.006559681612998247,0.4665572345256805,0.5093916654586792,0.006685823202133179,0.4991116523742676,0.651036262512207,-0.0919502303004264,0.4622406363487243,0.657153844833374,-0.061872512102127,0.4910041511058807,0.5154636621475219,-0.5054727345705032,0.5112436711788177,0.7237526923418045,-0.2779817059636116,0.4580909758806228,0.7245171070098877,-0.2887078747153282,0.5116240580876669,0.8326756755510966,-0.064599797129631,0.4550906221071879,0.8349094788233439,-0.0442302776500582,,inclinandose,
2.63,0.4854653179645538,0.520997166633606,-0.4860380291938782,0.5189442038536072,0.5034040808677673,-0.3119973540306091,0.4577966332435608,0.4957790076732635,-0.3035656213760376,0.5157620906829834,0.6038647294044495,-0.2593445479869842,0.4559499323368072,0.6049997210502625,-0.2384497374296188,0.5044780969619751,0.5137165784835815,-0.007880611345171928,0.4661923944950104,0.5115577578544617,0.00798648502677679,0.4988555908203125,0.6564444899559021,-0.0884692519903183,0.4622212648391723,0.6607733964920044,-0.052903976291418,0.4912108331918716,0.505595862865448,-0.5047173380851746,0.5119224786758423,0.7163628339767456,-0.3076159060001373,0.4574223160743713,0.7176730334758759,-0.2952417060732841,0.5119502147038778,0.8326908548672994,-0.0607957101116577,0.4551766812801361,0.834803561369578,-0.0337558720299663,,inclinandose,
2.67,0.4839169979095459,0.5052791833877563,-0.4726389050483703,0.5190305709838867,0.4949274659156799,-0.3076369762420654,0.4575429260730743,0.4861612617969513,-0.304671436548233,0.516162633895874,0.593847393989563,-0.2588689029216766,0.4559396207332611,0.5959861874580383,-0.2517045438289642,0.503972589969635,0.5202130079269409,-0.007851026020944118,0.4661581218242645,0.5133101344108582,0.007969731464982033,0.498886227607727,0.6569736003875732,-0.088273748755455,0.4618018865585327,0.6586236953735352,-0.0563190504908561,0.4905308336019516,0.4898197144269943,-0.4899054616689682,0.5125816017389297,0.7060504853725433,-0.2993125766515732,0.4567016661167145,0.7085079550743103,-0.3046390414237976,0.5115485787391663,0.831950843334198,-0.0758100934326648,0.4551790356636047,0.8342574238777161,-0.0415576659142971,,inclinandose,
2.7,0.483517587184906,0.4935795068740845,-0.4800662398338318,0.5194059610366821,0.4844940900802612,-0.3122399747371673,0.4565730690956116,0.4795427918434143,-0.3089532256126404,0.5165852308273315,0.5844824314117432,-0.2708612084388733,0.4555439054965973,0.5879925489425659,-0.2658371925354004,0.5022780895233154,0.5317596793174744,-0.008207928389310837,0.4658047556877136,0.5219860672950745,0.008297181688249111,0.4989104866981506,0.66173255443573,-0.0872419849038124,0.4609630107879638,0.659602701663971,-0.0570568814873695,0.4904597282409668,0.4786275804042816,-0.4962306827306747,0.5133797228336334,0.6973137855529785,-0.3168207257986069,0.4549582377076149,0.6992070525884628,-0.3241868540644645,0.5119417905807495,0.8320969740549723,-0.0686954048772652,0.4552137851715088,0.8344799280166626,-0.0355002249125391,,inclinandose,
2.73,0.4835506975650787,0.4775582551956177,-0.4689676165580749,0.5195488929748535,0.4777389168739319,-0.3058976233005523,0.4558205604553222,0.4660605192184448,-0.3061316609382629,0.5166537165641785,0.579380452632904,-0.2636580765247345,0.4539236724376678,0.5781134963035583,-0.2613219022750854,0.5005345344543457,0.545166552066803,-0.00806386023759842,0.4655710160732269,0.5376957058906555,0.008127652108669281,0.4989853501319885,0.680041491985321,-0.0747553557157516,0.4601436853408813,0.670656144618988,-0.055945049971342,0.4905685365200042,0.4608855098485946,-0.4845047771930694,0.5135396271944046,0.6889167726039886,-0.3051945194602012,0.4534486383199692,0.6907755732536316,-0.3167610242962837,0.5137836734453837,0.8382036288579305,-0.0583839894582827,0.4549503127733866,0.8354306221008301,-0.0230472109590967,,inclinandose,
2.77,0.4834820032119751,0.4627711176872253,-0.4652312397956848,0.5193337202072144,0.4644837379455566,-0.3026276230812073,0.4553270637989044,0.4593729972839355,-0.3012589812278747,0.5167603492736816,0.5633630752563477,-0.267289787530899,0.451106458902359,0.5672416090965271,-0.2661870121955871,0.499082088470459,0.5535701513290405,-0.007405784446746111,0.4645758271217346,0.5515244007110596,0.0074675544165074825,0.4999389946460724,0.690863311290741,-0.0875313803553581,0.4573791027069092,0.6794291734695435,-0.0838100388646125,0.4905337780714035,0.4458952069282532,-0.4814639389514923,0.513886496424675,0.6739148944616318,-0.3250928893685341,0.4534033983945846,0.680492639541626,-0.3331321626901626,0.5134924650192261,0.8441312511761984,-0.0575493120898803,0.4544130464394887,0.8363209168116251,-0.0256404750980436,,inclinandose,
2.8,0.4830763936042785,0.4472447335720062,-0.4646046459674835,0.5192216634750366,0.4582657516002655,-0.2974682152271271,0.4540990889072418,0.4561491906642914,-0.2966123223304748,0.5170183181762695,0.5575191378593445,-0.2640863955020904,0.4497090578079223,0.559550404548645,-0.2605575919151306,0.4986813068389892,0.5587480068206787,0.0002132363006239757,0.4642407298088074,0.5584539175033569,-0.0001538332726340741,0.5032916069030762,0.6983059644699097,-0.0913279131054878,0.4567440748214721,0.6917874217033386,-0.0979849174618721,0.4903818160295486,0.4288711786270142,-0.4807770758867263,0.5147468894720078,0.6651894599199295,-0.3241427317261696,0.4530708491802215,0.6699635088443756,-0.3286009505391121,0.5141608516375223,0.8479001720746359,-0.0226018928612271,0.4538308580716451,0.8367506663004557,-0.0217961873859167,,inclinandose,
2.83,0.483136773109436,0.4311260879039764,-0.4503527581691742,0.5192323327064514,0.4466300308704376,-0.2782653868198395,0.4538195729255676,0.4439436197280884,-0.2841464579105377,0.5190754532814026,0.5484386682510376,-0.2388801574707031,0.4466193616390228,0.5474171042442322,-0.2535715699195862,0.4989193677902221,0.5578761696815491,0.0025896469596773386,0.464246541261673,0.5588619112968445,-0.0025483290664851665,0.5039978623390198,0.6964078545570374,-0.0750818476080894,0.4563306272029876,0.6932457685470581,-0.0972845405340194,0.4905276030302047,0.4116919755935669,-0.4657879680395126,0.5165413618087769,0.6553628593683243,-0.3171317502856254,0.4517211392521858,0.6564666926860809,-0.3258785754442215,0.5138479471206665,0.8469796776771545,0.0115545094013214,0.4535664518674214,0.8372698426246643,-0.0066660170753796,,inclinandose,
2.87,0.4831466674804687,0.4161358475685119,-0.4277908504009247,0.5195245742797852,0.4430023729801178,-0.2603248655796051,0.4534709751605987,0.4348339140415191,-0.2653796970844269,0.5208421945571899,0.5411245822906494,-0.218875914812088,0.4454044699668884,0.5407291650772095,-0.2323444634675979,0.4990045130252838,0.556377112865448,0.002171118976548314,0.4641180336475372,0.5580875277519226,-0.002164170378819108,0.5047817826271057,0.6943724751472473,-0.0770624056458473,0.4560698866844177,0.6952832341194153,-0.0920641720294952,0.49080570936203,0.3969338566064834,-0.4403876364231109,0.5175109952688217,0.6452509313821793,-0.2895130291581154,0.4510544687509537,0.6469502598047256,-0.3087186962366104,0.5136202971140543,0.8467254439989725,-0.0027268473058938,0.4533411860466003,0.8379496932029724,0.004274067779382,,inclinandose,
2.9,0.4833733439445495,0.3994463086128235,-0.4325169920921325,0.5197322368621826,0.435145229101181,-0.2612299025058746,0.4532865881919861,0.4275194704532623,-0.2670929729938507,0.5221080780029297,0.5334303379058838,-0.2177340984344482,0.4442247450351715,0.5345064401626587,-0.2310281842947006,0.4991755187511444,0.5522345304489136,0.0021074300166219473,0.4636948704719543,0.5535370111465454,-0.0021230378188192844,0.5047548413276672,0.6907439827919006,-0.0624556243419647,0.4561662077903747,0.6903638243675232,-0.0658995881676673,0.4911027997732162,0.3812014490365982,-0.4435137540102005,0.5189572721719742,0.6373493075370789,-0.2859300374984741,0.4502631202340126,0.6390700042247772,-0.3055711090564728,0.5129931767781576,0.8457960486412048,-0.0015213973820209,0.4532893598079681,0.8383769194285074,0.0068039533992608,,inclinandose,
2.93,0.4840774834156036,0.3862311542034149,-0.4234963655471802,0.519729733467102,0.4265721440315246,-0.2553739845752716,0.4533625245094299,0.4180703163146972,-0.256956934928894,0.522497832775116,0.5251539945602417,-0.2081430405378341,0.4437688291072845,0.5232589244842529,-0.2155770361423492,0.4992868602275848,0.5511487722396851,0.0020650927908718586,0.4634130597114563,0.5526520609855652,-0.0020915812347084284,0.5050178170204163,0.6898152232170105,-0.0565440505743026,0.4562407433986664,0.687889814376831,-0.0606921315193176,0.4916045844554901,0.3681430280208587,-0.4336210608482361,0.5203611999750137,0.6277446448802948,-0.2749315947294235,0.448616474866867,0.6299279481172562,-0.286621980369091,0.5127438108126322,0.8458157380421957,0.0020246567825476,0.4531640311082204,0.8374844590822855,0.0106793579955895,,inclinandose,
2.97,0.4842643737792969,0.3685493469238281,-0.4023157060146332,0.519699215888977,0.4185959696769714,-0.2426205575466156,0.4532574415206909,0.4112746119499206,-0.2429839074611663,0.5225047469139099,0.5185527205467224,-0.2004062831401825,0.4425604045391083,0.5130229592323303,-0.2063446044921875,0.4995767474174499,0.5529103875160217,0.0017042695544660091,0.4630897939205169,0.5535852909088135,-0.0017428371356800199,0.5051988959312439,0.6913973689079285,-0.0479563847184181,0.456453800201416,0.68901526927948,-0.0491635203361511,0.4918349593877792,0.3517549157142639,-0.4106748223304748,0.5209019780158997,0.6215176433324814,-0.2729259505867958,0.4465598091483116,0.6228403002023697,-0.2782205641269684,0.5118128856023153,0.8456878662109375,0.0238546940187613,0.4532180726528168,0.8375954627990723,0.0337715695301691,,inclinandose,
3.0,0.4843934178352356,0.3553749918937683,-0.3693671226501465,0.5197045803070068,0.4098396003246307,-0.2206225544214248,0.4532888829708099,0.4027686417102813,-0.2183979153633117,0.5227060914039612,0.5106330513954163,-0.1838879734277725,0.4419343769550323,0.5064741969108582,-0.183649942278862,0.4998375475406647,0.5542328953742981,0.0007044778321869671,0.4626806080341339,0.554276704788208,-0.0007922384538687766,0.5053678750991821,0.6912235617637634,-0.0510108098387718,0.4565275311470032,0.6906044483184814,-0.0182776115834712,0.492045596241951,0.3389536589384079,-0.375878095626831,0.522129699587822,0.6135798990726471,-0.2605774626135826,0.4448683932423591,0.6146651357412338,-0.255938958376646,0.5114384889602661,0.8444247643152872,0.021725141753753,0.4531640112400055,0.8371905485788981,0.0646799654108084,,inclinandose,
3.03,0.4844222068786621,0.3453587591648102,-0.3368663191795349,0.5197449326515198,0.4022965431213379,-0.1942829340696334,0.4533363878726959,0.3972820043563843,-0.1930375695228576,0.5228356122970581,0.5025085210800171,-0.1590994894504547,0.4418102204799652,0.4997241199016571,-0.1598993390798568,0.5000136494636536,0.5545336604118347,-0.0005094699445180595,0.4626365900039673,0.5543794631958008,0.00039323000237345695,0.5055819153785706,0.6904297471046448,-0.0498986430466175,0.456616073846817,0.6899802088737488,-0.0207797084003686,0.4920849025249481,0.330138099193573,-0.3422503650188446,0.5228884369134903,0.6055762767791748,-0.2367628514766693,0.4432279467582702,0.6053499132394791,-0.2332753017544746,0.5107565323511759,0.8423932194709778,0.0202403428653876,0.4533032675584157,0.836529274781545,0.0532807366301616,,inclinandose,
3.07,0.4844703376293182,0.3392229080200195,-0.3165786564350128,0.5197468996047974,0.3964650928974151,-0.1774002164602279,0.4533145427703857,0.3917786478996277,-0.1781873553991317,0.5231790542602539,0.4959522485733032,-0.1419120728969574,0.4418023228645324,0.4943915605545044,-0.1456054449081421,0.5003116726875305,0.5544826984405518,-0.001438413979485631,0.4625997245311737,0.55415940284729,0.0013111651642248034,0.5058969259262085,0.6897849440574646,-0.0505621172487735,0.4566935300827026,0.6891909241676331,-0.0157584212720394,0.4920998066663742,0.3229286938905716,-0.3212011694908142,0.5234411358833313,0.5987542271614075,-0.2201205417513847,0.4424256905913353,0.5968896597623825,-0.2192494720220565,0.5102640191713969,0.8414104779561361,0.0142208573718865,0.4533968269824981,0.8359048763910929,0.0557908302483459,,inclinandose,
3.1,0.4844671785831451,0.3318445980548858,-0.2845630943775177,0.519745945930481,0.3920812308788299,-0.1494620144367218,0.4533410370349884,0.3866691887378692,-0.1541463881731033,0.5233718156814575,0.4908504486083984,-0.1122046113014221,0.4419271349906921,0.4881187081336975,-0.1246103718876838,0.500676155090332,0.5541719198226929,-0.001460813800804317,0.4625683426856994,0.553988516330719,0.0013421089388430119,0.5062029361724854,0.6893463730812073,-0.0381350927054882,0.4567509293556213,0.6891421675682068,-0.0114713804796338,0.4920215785503387,0.3146255791187286,-0.2883258581161499,0.5242729336023331,0.5948375016450882,-0.1930365487933159,0.4419949874281883,0.5910639017820358,-0.2041520997881889,0.5099313457806905,0.8412837187449137,0.0278280029694239,0.4535296658674876,0.8357562224070231,0.0590589186952759,,vertical,
3.13,0.4843747019767761,0.3234686255455017,-0.2544496059417724,0.519542932510376,0.3884093463420868,-0.1226962730288505,0.4533385634422302,0.3846910893917084,-0.1285857111215591,0.523353099822998,0.4867964684963226,-0.0813457369804382,0.441986083984375,0.4857234358787536,-0.095271535217762,0.5009458065032959,0.5539847612380981,-0.0014905334683135152,0.4625731706619262,0.5537672638893127,0.0013622490223497152,0.506824791431427,0.6893692016601562,-0.0366833731532096,0.4567844867706299,0.689412534236908,-0.0111006004735827,0.4918771117925644,0.3076949775218963,-0.2570206701755523,0.5249778181314468,0.5910448431968689,-0.1621714234352111,0.4408378973603248,0.5903938114643097,-0.1742137335240841,0.5098804434140524,0.8411916891733805,0.0247244735558827,0.4535832107067108,0.8356607357660929,0.0629568316010894,,vertical,
3.17,0.4842332303524017,0.3189018964767456,-0.2424020916223526,0.5191510915756226,0.3849484324455261,-0.112210489809513,0.4532763659954071,0.3830587267875671,-0.1169303506612777,0.5234161019325256,0.4824503362178802,-0.0694359838962555,0.4420153796672821,0.4830637276172638,-0.0804147720336914,0.5012686848640442,0.5536721348762512,-0.0012608158867806196,0.4625566005706787,0.5534365773200989,0.0011308746179565787,0.507208526134491,0.6900128126144409,-0.0278711225837469,0.4568850100040436,0.6899414658546448,-0.0112572759389877,0.4917311698198318,0.3036513686180114,-0.2450274899601936,0.526295930147171,0.5847563296556473,-0.1537503153085708,0.4400896579027176,0.5884537994861603,-0.1597673408687114,0.5099270343780518,0.8410271008809408,0.0339481532573699,0.4536644915739695,0.8356658617655436,0.0614222546573728,,vertical,
3.2,0.4838381111621856,0.3151341378688812,-0.2242088168859481,0.5191347599029541,0.3822195827960968,-0.0985418409109115,0.4532829225063324,0.3808586299419403,-0.0991103053092956,0.5243841409683228,0.4785311818122864,-0.0553648695349693,0.4421608448028564,0.4795221090316772,-0.0593325272202491,0.5023690462112427,0.553428590297699,-0.001335448119789362,0.4627035856246948,0.5532718896865845,0.0011986950412392616,0.5077345967292786,0.6897934079170227,-0.0284075215458869,0.4570185244083404,0.6901629567146301,-0.013505301438272,0.4913469761610031,0.2997546076774597,-0.2269826203584671,0.5274016559123993,0.5810076743364334,-0.1392203699797392,0.4398114904761314,0.5879926979541779,-0.1393773294985294,0.5099869966506958,0.8405767679214478,0.0268794844547907,0.4536999563376109,0.835726241270701,0.0537529106562336,,vertical,
3.23,0.4837464690208435,0.3136290907859802,-0.216030478477478,0.5191275477409363,0.3794127404689789,-0.0887176468968391,0.4532869756221771,0.3790841102600097,-0.0931821763515472,0.5252546668052673,0.4758889079093933,-0.0447336100041866,0.4421406090259552,0.4778484106063843,-0.0545226298272609,0.5033671259880066,0.5528293251991272,-0.0011473159538581967,0.4628443121910095,0.5531288981437683,0.001022575655952096,0.5079252123832703,0.6897109150886536,-0.031685497611761,0.4576127827167511,0.6902872920036316,-0.0184684861451387,0.4910730987787247,0.2974755018949508,-0.2185423925518989,0.5282182842493057,0.5795909911394119,-0.1292662527412176,0.4392025470733642,0.5876448005437851,-0.1347190141677856,0.5101089676221212,0.8404364784558614,0.0225113208095232,0.4538396298885345,0.8364463647206625,0.0385332480072975,,vertical,
3.27,0.4836124777793884,0.3116640150547027,-0.2149258702993393,0.5190735459327698,0.3782124519348144,-0.0877301096916198,0.4532961845397949,0.3771028518676758,-0.0922411829233169,0.5258413553237915,0.4748839735984802,-0.044018592685461,0.442029744386673,0.4753504395484924,-0.0561069063842296,0.5043006539344788,0.5526560544967651,-0.0006828480982221663,0.4633247554302215,0.552958607673645,0.0005748006515204906,0.5081236362457275,0.689706027507782,-0.0153862964361906,0.4581175744533539,0.6906129717826843,-0.0132967391982674,0.4907446354627609,0.2953669905662536,-0.2172120228409767,0.5292431116104126,0.5781144499778748,-0.127471400424838,0.4390443786978721,0.5865370333194733,-0.1367103904485702,0.5104982852935791,0.8387735287348429,0.0358526123066743,0.4538603226343791,0.8377079963684082,0.0411539170891046,,vertical,
3.3,0.4835774898529053,0.3110939860343933,-0.2160654962062835,0.5190678834915161,0.377339243888855,-0.0844916477799415,0.4533515870571136,0.3755805790424347,-0.0935222133994102,0.5262972712516785,0.4752902388572693,-0.0371948070824146,0.4420945644378662,0.4730425477027893,-0.0563444457948207,0.5051180124282837,0.5522773861885071,0.0007799524464644492,0.4641208350658417,0.55283123254776,-0.0008744291844777763,0.5082898139953613,0.6898258924484253,-0.0126549154520034,0.4585192799568176,0.6906539797782898,-0.0139318834990262,0.4905101388692856,0.2945060640573501,-0.2182438731193542,0.5301169604063034,0.5783046782016754,-0.1207724791020155,0.4387602210044861,0.5851791054010391,-0.1364727281033992,0.5103717843691508,0.8387545744578043,0.0376259417583545,0.4539090196291606,0.838419516881307,0.0421402603387832,,vertical,
3.33,0.4835728108882904,0.3100936114788055,-0.2160174399614334,0.5190551280975342,0.3768050372600555,-0.0828211456537246,0.4534147977828979,0.3753636181354522,-0.0946035385131836,0.5263488292694092,0.4741768836975097,-0.0333491452038288,0.4421435892581939,0.4722642302513122,-0.0566588453948497,0.5057387351989746,0.5519294738769531,0.002356554614380002,0.4646651446819305,0.5527365207672119,-0.002447644015774131,0.5085604190826416,0.6924839615821838,-0.008921948261559,0.4588992297649383,0.6910349130630493,-0.0140714654698967,0.4902511894702911,0.2933539062738418,-0.2178965076804161,0.531323254108429,0.5761822760105133,-0.1165734995156526,0.438695453107357,0.5854343920946121,-0.1354484166949987,0.5103866259256998,0.8405661980311075,0.0449282117187976,0.4540193875630696,0.8384286562601725,0.0465902127325534,,vertical,
3.37,0.4836218953132629,0.3097219169139862,-0.2185519635677337,0.5190649032592773,0.3749144375324249,-0.0840614438056945,0.4534588158130646,0.3753188252449035,-0.0962109640240669,0.5266337990760803,0.474185436964035,-0.0363205969333648,0.442181259393692,0.4747651517391205,-0.0585414543747901,0.5059247016906738,0.5517991781234741,0.00342916464433074,0.4647104740142822,0.552903950214386,-0.003519106889143586,0.5087986588478088,0.6940391659736633,-0.0133552243933081,0.4591761827468872,0.6940572261810303,-0.0157079603523015,0.4901300728321075,0.2922459155321121,-0.2204557463526725,0.532487615942955,0.5773447155952454,-0.1232408061623573,0.4387679770588875,0.5873400717973709,-0.1384607274085283,0.5102637807528178,0.8414990107218424,0.0471526136000951,0.4541937907536824,0.8407878279685974,0.0462864562869071,,vertical,
3.4,0.4836354851722717,0.3105626404285431,-0.21339151263237,0.5190579891204834,0.3738266825675964,-0.0772406682372093,0.4536255896091461,0.3745217621326446,-0.0890790671110153,0.527019739151001,0.4728615581989288,-0.0297186765819787,0.4423101544380188,0.4745151400566101,-0.0519450828433036,0.5060797333717346,0.551571786403656,0.0038161359261721373,0.4648879766464233,0.5528715252876282,-0.0038953751791268587,0.5088741183280945,0.6943153738975525,-0.0126848211511969,0.4596124291419983,0.6950578093528748,-0.0165386218577623,0.4900225818157196,0.2921892136335373,-0.2150789305567741,0.5340431779623032,0.5761788487434387,-0.1203166358172893,0.4389342814683914,0.5844474583864212,-0.1364253852516412,0.5103135903676351,0.8428367773691813,0.0454270417491594,0.4542737503846486,0.8442240357398987,0.0430822608371575,,vertical,
3.43,0.4836368262767792,0.310632973909378,-0.2157554477453231,0.5190596580505371,0.3736325204372406,-0.0794179365038871,0.453851580619812,0.3741880059242248,-0.0919772461056709,0.527262806892395,0.473322331905365,-0.0299405977129936,0.4427849054336548,0.4752452969551086,-0.054829865694046,0.5060314536094666,0.5511168837547302,0.0040838574059307575,0.4648932218551636,0.5527009963989258,-0.004159873351454735,0.508844792842865,0.6944122314453125,-0.0090128257870674,0.4599785804748535,0.6949891448020935,-0.0167266763746738,0.4899755388498306,0.2922850489616394,-0.2174119755625724,0.5348441302776337,0.5760956257581711,-0.1174546834081411,0.4391388595104217,0.5825762897729874,-0.1389732975512743,0.5104133288065592,0.8431939880053202,0.0456141463170448,0.4544169406096141,0.8451992670694987,0.0421973504126071,,vertical,
3.47,0.4834568798542022,0.3108478784561157,-0.2000314593315124,0.519033670425415,0.3743791878223419,-0.0653237849473953,0.4539612531661987,0.3741716742515564,-0.0810963585972786,0.5273969769477844,0.4733801484107971,-0.0161599181592464,0.4440831243991852,0.4744786620140075,-0.0459345839917659,0.5059667825698853,0.5506460070610046,0.0047239623963832855,0.46488818526268,0.5524600148200989,-0.004796707537025213,0.5088687539100647,0.6942300200462341,-0.0085562514141201,0.4602051377296448,0.6948395371437073,-0.0171166751533746,0.4897023856639862,0.2927363485097885,-0.2011091664433479,0.5352279990911484,0.5765312910079956,-0.1016734782606363,0.4394530579447746,0.5791452378034592,-0.1293846014887094,0.5106085340181986,0.8439481457074484,0.0435233923296133,0.4545550942420959,0.8454459309577942,0.0393529416372378,,vertical,
3.5,0.4833307862281799,0.3117169439792633,-0.2024177759885788,0.5190260410308838,0.3754481077194214,-0.0681448057293891,0.4542840123176574,0.3748337030410766,-0.0835468173027038,0.5273445844650269,0.4746630787849426,-0.0182691067457199,0.4453570544719696,0.4752455353736877,-0.0482362210750579,0.5059193968772888,0.550613284111023,0.0049786944873631,0.464929461479187,0.5524225234985352,-0.005057228729128838,0.5088756680488586,0.6940943002700806,-0.00877988897264,0.4606210887432098,0.6947286128997803,-0.0174635220319032,0.4895158231258392,0.2937822729349136,-0.2034467935562133,0.5349631160497665,0.5774632841348648,-0.1027346327900886,0.4401075169444084,0.5799030065536499,-0.130439156666398,0.5106887817382812,0.8435235420862833,0.0508010213573773,0.4546986818313598,0.8453738490740458,0.0417708003272612,,vertical,
3.53,0.4833287000656128,0.3121919631958008,-0.2020007967948913,0.5190322399139404,0.3762207627296448,-0.0676337629556655,0.4545727074146271,0.3752455115318298,-0.0840373933315277,0.5273159742355347,0.4753986299037933,-0.0174774546176195,0.4461041688919067,0.4754031598567962,-0.0490390248596668,0.5058596730232239,0.5505815744400024,0.005197735503315926,0.4649252891540527,0.5522664189338684,-0.005279689095914364,0.5088677406311035,0.6939584612846375,-0.0089563522487878,0.4608204364776611,0.6946267485618591,-0.0175296906381845,0.489454174041748,0.294390520453453,-0.2028742313385009,0.5346391946077347,0.5778802782297134,-0.1008422896265983,0.4409896582365036,0.5796076506376266,-0.1304156072437763,0.51072625319163,0.8428009947141012,0.051785205801328,0.4547910690307617,0.8454100092252096,0.0418546261886755,,vertical,
3.57,0.4832934141159057,0.3125101327896118,-0.2022519260644912,0.519038200378418,0.376634418964386,-0.0661672875285148,0.4548086524009704,0.3754747211933136,-0.0836881846189498,0.5273022055625916,0.4757791757583618,-0.0150391058996319,0.4467430114746094,0.4750083684921264,-0.0481360405683517,0.5058436989784241,0.5504871010780334,0.005460037849843502,0.4649317264556885,0.5518800616264343,-0.0055404952727258205,0.5088627338409424,0.6937218308448792,-0.0079749217256903,0.460991770029068,0.6945863962173462,-0.0178935099393129,0.4893356740474701,0.2947463184595108,-0.2032974123954773,0.5344606190919876,0.5782032757997513,-0.0977577660232782,0.4421616867184639,0.5797537863254547,-0.1291194893419742,0.510777473449707,0.8424796859423319,0.0504505448043346,0.4548748135566711,0.8453856309254965,0.040847481538852,,vertical,
3.6,0.4832144677639007,0.3126288652420044,-0.194256991147995,0.519038736820221,0.3767347931861877,-0.0593905858695507,0.4549932777881622,0.3754784166812897,-0.0773847326636314,0.526969313621521,0.4762507677078247,-0.0096992077305912,0.4471680223941803,0.4746216535568237,-0.0428837500512599,0.5058115720748901,0.5502907037734985,0.005486517678946257,0.4650552868843078,0.5511592626571655,-0.005562326870858669,0.5088884234428406,0.6936227679252625,-0.0071084005758166,0.4611304998397827,0.6943062543869019,-0.0187217332422733,0.4891629219055176,0.2948399007320404,-0.1951105087995529,0.5339728444814682,0.5780650079250336,-0.0930785425007343,0.443276084959507,0.5795258283615112,-0.1246892772614955,0.5108656684557596,0.8421803514162699,0.049265352388223,0.4549150665601094,0.8453176418940226,0.0386846127609411,,vertical,
3.63,0.4830514788627624,0.3127225637435913,-0.1880248934030532,0.5189899802207947,0.3768127560615539,-0.0532346591353416,0.4551246464252472,0.3752807080745697,-0.0707805827260017,0.5263798236846924,0.4765801727771759,-0.0047349506057798,0.4472920894622803,0.4740378558635711,-0.0374609753489494,0.5057908296585083,0.5500193238258362,0.005394302308559418,0.4652159214019775,0.5506277680397034,-0.005470547825098038,0.508897602558136,0.6936566233634949,-0.0084129851311445,0.461158812046051,0.6942647695541382,-0.0195232946425676,0.4889277100563049,0.2948868691921234,-0.1886431396007538,0.5321433246135712,0.5780656337738037,-0.0899107381701469,0.4445346742868423,0.5789088606834412,-0.1221005730330944,0.5108979940414429,0.8420647382736206,0.0504673222700754,0.4549410144488017,0.845300038655599,0.0388628666599591,,vertical,
3.67,0.4829233884811401,0.3126444518566131,-0.1955427974462509,0.5188730955123901,0.3768462836742401,-0.0596700645983219,0.4551393687725067,0.3754582703113556,-0.076814480125904,0.5261077880859375,0.4767167866230011,-0.0094475420191884,0.4472973942756653,0.4743090867996216,-0.0414764583110809,0.5057718753814697,0.5495824813842773,0.005327994469553232,0.4654598534107208,0.550133466720581,-0.005404830444604158,0.5089549422264099,0.6938134431838989,-0.0091294990852475,0.4611516296863556,0.6942182183265686,-0.0199741125106811,0.4887572228908539,0.294873034954071,-0.1963178113102913,0.530595064163208,0.5782306641340256,-0.0922572650015354,0.4454260915517807,0.5792275071144104,-0.1245533749461174,0.5109124382336935,0.8420557578404745,0.0494896378368139,0.4549696246782939,0.8452280362447103,0.0381242719789346,,vertical,
3.7,0.4828149974346161,0.3125633597373962,-0.1993827074766159,0.5187890529632568,0.3767207264900207,-0.0622823014855384,0.4551392197608948,0.375496357679367,-0.0804993882775306,0.5257463455200195,0.4769214391708374,-0.0107155283913016,0.4472365081310272,0.4752762019634247,-0.0448215901851654,0.5057811141014099,0.5494996309280396,0.005273276008665562,0.4658892154693603,0.5501295328140259,-0.005349910352379084,0.5090607404708862,0.6939852237701416,-0.0093649346381425,0.4609971940517425,0.6944186091423035,-0.0199903361499309,0.4886033922433853,0.2948318898677826,-0.2001402914524078,0.529175266623497,0.5783797204494476,-0.0909176841378212,0.4460184499621391,0.5794747322797775,-0.127499857917428,0.5109702547391256,0.8419999480247498,0.0512419591347376,0.4549789627393086,0.8451957901318868,0.038562956576546,,vertical,
3.73,0.4826149046421051,0.31268972158432,-0.2015966922044754,0.5187692642211914,0.3765552639961242,-0.0635081380605697,0.4551313519477844,0.3755620718002319,-0.0822478756308555,0.5255997776985168,0.4769919514656067,-0.011982393451035,0.4471929967403412,0.475567877292633,-0.0465212985873222,0.505904495716095,0.5494440197944641,0.005230330862104893,0.4664217531681061,0.5501339435577393,-0.005301710218191147,0.5092595815658569,0.6943438649177551,-0.0072663757018744,0.460876315832138,0.6947252154350281,-0.0195735711604356,0.4884355545043945,0.2949585795402527,-0.2025346830487251,0.5280757397413254,0.5784104615449905,-0.0936852451413869,0.4467941969633102,0.5795788615942001,-0.1295017711818218,0.5111318826675415,0.8421680331230164,0.0529189522688587,0.4549710651238759,0.8453552524248759,0.0395650416612625,,vertical,
