segundo;landmark_10_x;landmark_10_y;landmark_10_z;landmark_11_x;landmark_11_y;landmark_11_z;landmark_12_x;landmark_12_y;landmark_12_z;landmark_13_x;landmark_13_y;landmark_13_z;landmark_14_x;landmark_14_y;landmark_14_z;landmark_23_x;landmark_23_y;landmark_23_z;landmark_24_x;landmark_24_y;landmark_24_z;landmark_25_x;landmark_25_y;landmark_25_z;landmark_26_x;landmark_26_y;landmark_26_z;cara_prom_x;cara_prom_y;cara_prom_z;mano_izquierda_prom_x;mano_izquierda_prom_y;mano_izquierda_prom_z;mano_derecha_prom_x;mano_derecha_prom_y;mano_derecha_prom_z;pie_izquierdo_prom_x;pie_izquierdo_prom_y;pie_izquierdo_prom_z;pie_derecho_prom_x;pie_derecho_prom_y;pie_derecho_prom_z;;Etiqueta;Vista
0.03;0.4802893102169037;0.30785971879959106;-0.20397262275218964;0.518457293510437;0.3705223798751831;-0.07013111561536789;0.4535338878631592;0.3686358630657196;-0.07475242763757706;0.5258768796920776;0.4646266996860504;-0.025148989632725716;0.44464540481567383;0.46525701880455017;-0.042132601141929626;0.5050669312477112;0.5450018644332886;0.0003461451851762831;0.46415889263153076;0.5460017323493958;-0.0003844854945782572;0.5088725686073303;0.6898313760757446;-0.017017602920532227;0.4575706124305725;0.6950427293777466;-0.014170222915709019;0.48625979125499724;0.29002555310726164;-0.20575981885194777;0.5376554727554321;0.5623650699853897;-0.1113016176968813;0.43788283318281174;0.5726274847984314;-0.13251723907887936;0.510251005490621;0.8340740998586019;0.056204287645717464;0.45310016473134357;0.8372059265772501;0.054933058097958565;;vertical;
0.07;0.480485737323761;0.30782878398895264;-0.18639244139194489;0.5184460282325745;0.3698500692844391;-0.058803826570510864;0.4536062777042389;0.3686767518520355;-0.06404764950275421;0.5258772373199463;0.4641653895378113;-0.016179021447896957;0.44520658254623413;0.46513763070106506;-0.033944860100746155;0.5050655007362366;0.5450009703636169;0.0002931278431788087;0.4641416668891907;0.546180784702301;-0.00033092874218709767;0.5088692307472229;0.6898199915885925;-0.016424313187599182;0.4577656388282776;0.6944197416305542;-0.01316947489976883;0.48641088902950286;0.2899328351020813;-0.18783372342586518;0.5370047688484192;0.5622321516275406;-0.10063508339226246;0.4378952160477638;0.5725127905607224;-0.12242141738533974;0.51024862130483;0.8355314334233602;0.04316480519870917;0.4529418448607127;0.8371214071909586;0.050930580434699856;;vertical;
0.1;0.4806702733039856;0.3078402280807495;-0.18256796896457672;0.5184287428855896;0.369524747133255;-0.05298488587141037;0.45361998677253723;0.3689097762107849;-0.060715388506650925;0.5258252024650574;0.46391791105270386;-0.0072607859037816525;0.44541501998901367;0.4651391804218292;-0.02924560196697712;0.5050320625305176;0.5450894236564636;0.00034739248803816736;0.4641208052635193;0.5464104413986206;-0.0003837615076918155;0.5088558793067932;0.6894013285636902;-0.015700813382864;0.4579448699951172;0.6934773921966553;-0.013179484754800797;0.4865191102027893;0.28995350301265715;-0.18366276025772094;0.5355707108974457;0.5622330904006958;-0.08921602182090282;0.4379172623157501;0.5716155767440796;-0.11740398779511452;0.5101940035820007;0.8359186251958212;0.043106542279322944;0.45290635029474896;0.836909810702006;0.048888687044382095;;vertical;
0.13;0.48082056641578674;0.30792421102523804;-0.1833721399307251;0.5184236168861389;0.3695020377635956;-0.05413005128502846;0.4536297023296356;0.36926424503326416;-0.06185387074947357;0.5256111025810242;0.4640584886074066;-0.010127578862011433;0.4455472528934479;0.4654129445552826;-0.031233541667461395;0.5049629211425781;0.5452829599380493;0.0004851405101362616;0.46408170461654663;0.546566903591156;-0.0005227741785347462;0.5087887644767761;0.6894419193267822;-0.016035281121730804;0.4580640494823456;0.6930973529815674;-0.01409669779241085;0.48660190105438234;0.29003762304782865;-0.1843985177576542;0.533364936709404;0.5629442930221558;-0.09388422593474388;0.4381777048110962;0.5712092965841293;-0.1199136022478342;0.5103209217389425;0.8367200295130411;0.044959367563327156;0.45266295472780865;0.8370257417360941;0.04860151186585426;;vertical;
0.17;0.4810199439525604;0.30827686190605164;-0.19191424548625946;0.5184231400489807;0.3695604205131531;-0.06056954339146614;0.45363155007362366;0.37039119005203247;-0.0721558928489685;0.5254086256027222;0.46522876620292664;-0.012471051886677742;0.4455943703651428;0.4666413366794586;-0.03913872316479683;0.5048384070396423;0.5453681349754333;0.0008569649653509259;0.464079886674881;0.5465627908706665;-0.0009028066997416317;0.5082468390464783;0.6893599033355713;-0.01604410447180271;0.4583705961704254;0.6921085119247437;-0.014996446669101715;0.4866741359233856;0.29050218462944033;-0.19318998456001282;0.5312416255474091;0.564913347363472;-0.09595990926027298;0.4389556795358658;0.5713047683238983;-0.12332632392644882;0.5100348393122355;0.8368359605471293;0.04608758042256037;0.4525122145811717;0.8369932373364767;0.0464375838637352;;vertical;
0.2;0.4810182452201843;0.3094240128993988;-0.1907610297203064;0.518417477607727;0.36973822116851807;-0.060879409313201904;0.45363178849220276;0.3711113929748535;-0.06918168812990189;0.5253903269767761;0.4675431549549103;-0.01377126295119524;0.4457118809223175;0.46694067120552063;-0.03707228600978851;0.5044962167739868;0.5454298853874207;0.0005872463225387037;0.46403688192367554;0.5464661717414856;-0.0006336416117846966;0.5067269206047058;0.6887706518173218;-0.01613813266158104;0.4585273563861847;0.6909183859825134;-0.014943008311092854;0.48667258620262144;0.2919985830783844;-0.1921328015625477;0.5291740447282791;0.5688308477401733;-0.09767686203122139;0.4398900270462036;0.5712604224681854;-0.12391064874827862;0.5095805923144022;0.8364199002583822;0.04661814495921135;0.45279260476430255;0.8362125158309937;0.04722354064385096;;vertical;
0.23;0.48097482323646545;0.3113325834274292;-0.1824418306350708;0.5184175372123718;0.37029844522476196;-0.056730784475803375;0.45363274216651917;0.3716396987438202;-0.060912735760211945;0.5253695249557495;0.46827590465545654;-0.013210825622081757;0.4458002746105194;0.46701982617378235;-0.030501123517751694;0.5042496919631958;0.545670747756958;9,47E+10;0.46402397751808167;0.5464422702789307;-0.00013330503134056926;0.5060588121414185;0.6884550452232361;-0.01917743682861328;0.45855847001075745;0.6906067728996277;-0.015116199851036072;0.48663982152938845;0.2940077751874924;-0.18379527628421782;0.5266472101211548;0.5694340169429779;-0.09819571487605572;0.44191110134124756;0.5707300752401352;-0.1219887975603342;0.508920689423879;0.835366408030192;0.04623447358608246;0.4531716803709666;0.8351972103118896;0.04815612236658732;;inclinandose;
0.27;0.4809722900390625;0.314388245344162;-0.18412408232688904;0.5184184312820435;0.37100738286972046;-0.05986098572611809;0.45362716913223267;0.37328222393989563;-0.06465894728899002;0.525195837020874;0.46960926055908203;-0.01583069935441017;0.4457691013813019;0.4691045880317688;-0.03372477740049362;0.5040308833122253;0.5462406277656555;-0.000144465928315185;0.46402865648269653;0.5464786291122437;0.00010491762077435851;0.5057632327079773;0.6883385181427002;-0.020238667726516724;0.4585585594177246;0.6906384229660034;-0.015188687480986118;0.48663774132728577;0.29653342366218566;-0.18589078783988952;0.5242054611444473;0.5712921917438507;-0.10004949942231178;0.4433075860142708;0.5714597553014755;-0.12382210232317448;0.508385956287384;0.835038443406423;0.046186491226156555;0.4537201126416524;0.8345868587493896;0.04765034591158231;;inclinandose;
0.3;0.4809988737106323;0.3188455402851105;-0.20913270115852356;0.5184261798858643;0.372087299823761;-0.07996927946805954;0.4536671042442322;0.37570226192474365;-0.08772484213113785;0.5248415470123291;0.47166287899017334;-0.03380762040615082;0.4455665946006775;0.4714197814464569;-0.05465301126241684;0.5038092136383057;0.5470985770225525;-0.00014142658619675785;0.46406108140945435;0.5466695427894592;0.00010173323971685022;0.5057106614112854;0.6882503628730774;-0.017396587878465652;0.45847877860069275;0.6906778216362;-0.013977598398923874;0.486658388376236;0.30013772547245027;-0.21219538301229476;0.5221239179372787;0.5744906067848206;-0.11634287983179092;0.44419529289007187;0.5748041272163391;-0.13984732702374458;0.5083429217338562;0.8342867493629456;0.04734698745111624;0.4540849526723226;0.8346579074859619;0.047176580876111984;;inclinandose;
0.33;0.4813114106655121;0.32432374358177185;-0.22685657441616058;0.518566370010376;0.3748961091041565;-0.09643720835447311;0.453737735748291;0.37784847617149353;-0.10229118168354034;0.5241755247116089;0.47397181391716003;-0.049008022993803024;0.44548729062080383;0.47374069690704346;-0.06631690263748169;0.5032697319984436;0.5484763979911804;-0.0001715312246233225;0.4640149474143982;0.547285795211792;0.000128277693875134;0.5057609677314758;0.6882425546646118;-0.016557913273572922;0.4584629535675049;0.6907042264938354;-0.011389851570129395;0.48679847121238706;0.30545378625392916;-0.23135233521461487;0.5199855118989944;0.5781742483377457;-0.12969522923231125;0.4452122300863266;0.5794940888881683;-0.14877695217728615;0.5087618629137675;0.8331117431322733;0.04835556820034981;0.45411603649457294;0.8346389532089233;0.04767019860446453;;inclinandose;
0.37;0.481362909078598;0.33197739720344543;-0.2404702603816986;0.5188759565353394;0.37814515829086304;-0.11005443334579468;0.4538898766040802;0.38105854392051697;-0.1161547601222992;0.5239108204841614;0.4773869216442108;-0.06204657629132271;0.44529399275779724;0.47934165596961975;-0.07977911829948425;0.503131628036499;0.5520238876342773;-0.00011593119415920228;0.46401679515838623;0.5498836636543274;7,16E+10;0.5064272880554199;0.6884363889694214;-0.012637846171855927;0.45835092663764954;0.6915806531906128;-0.008146129548549652;0.48683518171310425;0.3121073067188263;-0.2460465669631958;0.5184891819953918;0.5822994410991669;-0.1385934092104435;0.44578056782484055;0.5853563547134399;-0.15895549952983856;0.5091849366823832;0.8322383165359497;0.05289601441472769;0.4541694025198619;0.8343879381815592;0.050490609370172024;;inclinandose;
0.4;0.48181331157684326;0.3432992100715637;-0.2908269464969635;0.5192625522613525;0.3821815550327301;-0.15059873461723328;0.4539576470851898;0.38521555066108704;-0.15597666800022125;0.5236659646034241;0.4826434552669525;-0.10148800909519196;0.4452860355377197;0.4844267666339874;-0.11995397508144379;0.5027255415916443;0.5529086589813232;-0.0001180805847980082;0.4640168845653534;0.5507131814956665;7,28E+09;0.5067225098609924;0.6881243586540222;-0.011340254917740822;0.45830827951431274;0.6918455958366394;-0.0021448491606861353;0.48700701892375947;0.32148435413837434;-0.2990653067827225;0.5175718516111374;0.5876018106937408;-0.1767841950058937;0.44641801714897156;0.5905353724956512;-0.1991751529276371;0.5092376271883646;0.8316736419995626;0.05419139346728722;0.4541336993376414;0.8343862692515055;0.05790846267094215;;inclinandose;
0.43;0.48216521739959717;0.3549065589904785;-0.3300763964653015;0.5193985104560852;0.38683319091796875;-0.1804315596818924;0.4540208876132965;0.3907662630081177;-0.18640129268169403;0.5236751437187195;0.488408625125885;-0.13026690483093262;0.4453398287296295;0.49271631240844727;-0.14833509922027588;0.5025797486305237;0.5526688098907471;-0.0001240869314642623;0.46412891149520874;0.5506193041801453;7,71E+10;0.5067676305770874;0.6864590048789978;-0.01188065204769373;0.4583269953727722;0.6918430328369141;-0.0012380764819681644;0.4874485433101654;0.3315313160419464;-0.3398523420095444;0.5163016468286514;0.5919835865497589;-0.20660189539194107;0.44736381620168686;0.599256619811058;-0.22857043147087097;0.5092461903889974;0.8312614758809408;0.04509394864241282;0.4537009795506795;0.8345922430356344;0.054934410067896046;;inclinandose;
0.47;0.48219454288482666;0.3639906644821167;-0.35086333751678467;0.5194301009178162;0.39430516958236694;-0.1973949670791626;0.45409032702445984;0.39767831563949585;-0.20410969853401184;0.5236818194389343;0.4952731728553772;-0.14497242867946625;0.4458446204662323;0.4986736476421356;-0.1633521169424057;0.502321183681488;0.5524519085884094;7,97E+08;0.4642741084098816;0.5501601696014404;-7,02E+10;0.5068987607955933;0.6834554076194763;-0.011206007562577724;0.45834267139434814;0.6908426880836487;-0.00017711248074192554;0.48772959411144257;0.34286282062530515;-0.3617187589406967;0.5158004909753799;0.596667930483818;-0.2179560773074627;0.4481775090098381;0.6047934740781784;-0.24223192408680916;0.5092639923095703;0.8310423692067465;0.03793558602531751;0.4533517261346181;0.8344691395759583;0.048438572945694126;;inclinandose;
0.5;0.4823642671108246;0.37687572836875916;-0.38384899497032166;0.5194257497787476;0.4032314121723175;-0.22071266174316406;0.45404332876205444;0.4077414870262146;-0.22934067249298096;0.5236782431602478;0.5034392476081848;-0.1700206995010376;0.44633403420448303;0.506211519241333;-0.1883394867181778;0.501836359500885;0.5499348044395447;0.00020844540267717093;0.46437156200408936;0.5486994385719299;-0.0002792825980577618;0.5069605112075806;0.681183397769928;-0.014563312754034996;0.45846128463745117;0.6884711980819702;-0.0017307151574641466;0.4879342555999756;0.35512492060661316;-0.39481895267963407;0.515437662601471;0.6027733832597733;-0.24063650146126747;0.4493110850453377;0.6113372445106506;-0.265692126005888;0.5093202789624532;0.8309849500656128;0.02867096910874049;0.4533170859018962;0.8341363271077474;0.0392892292390267;;inclinandose;
0.53;0.4824545085430145;0.3885279893875122;-0.3968134820461273;0.519365668296814;0.41161420941352844;-0.23161722719669342;0.45404085516929626;0.41543149948120117;-0.23704569041728973;0.5235641598701477;0.5099298357963562;-0.18168815970420837;0.4465819299221039;0.5110523700714111;-0.19461634755134583;0.5011481642723083;0.5470711588859558;0.00019501379574649036;0.4644256830215454;0.5479507446289062;-0.0002665444044396281;0.5069630146026611;0.6773571372032166;-0.020982662215828896;0.45856860280036926;0.6864778995513916;-0.0021395424846559763;0.487986096739769;0.3671159029006958;-0.4087169885635376;0.5149495601654053;0.6090883612632751;-0.24901090189814568;0.4499971494078636;0.6161111295223236;-0.27016790956258774;0.5093165636062622;0.8304566740989685;0.02077976365884145;0.4532911280790965;0.8336092432339987;0.033242132514715195;;inclinandose;
0.57;0.4834221601486206;0.40186405181884766;-0.41444727778434753;0.5192746520042419;0.4154765009880066;-0.24384672939777374;0.4540502727031708;0.4246954321861267;-0.24894081056118011;0.5233756303787231;0.5140730142593384;-0.19529205560684204;0.4475318491458893;0.5179632902145386;-0.20585933327674866;0.5005217790603638;0.5423458814620972;0.00031867253710515797;0.4646551012992859;0.5447866916656494;-0.0003783422871492803;0.5068910121917725;0.6751617193222046;-0.028628315776586533;0.4585738778114319;0.6815818548202515;-0.018375307321548462;0.48839680552482606;0.3791925460100174;-0.4272312641143799;0.5143326222896576;0.6169652938842773;-0.2601758688688278;0.45064727216959;0.6226727813482285;-0.28095593303442;0.5089990695317587;0.830729087193807;0.008661733319362005;0.45332930485407513;0.8313327232996622;0.016179935385783512;;inclinandose;
0.6;0.4839667081832886;0.4119616150856018;-0.42952021956443787;0.5191258192062378;0.42268961668014526;-0.25512710213661194;0.45407336950302124;0.43340298533439636;-0.2600903809070587;0.5231441855430603;0.5198033452033997;-0.20628949999809265;0.4479009211063385;0.5276724100112915;-0.21631217002868652;0.5004281997680664;0.5387009382247925;0.00043893727706745267;0.46507421135902405;0.5415082573890686;-0.0004889351548627019;0.5064424276351929;0.675383985042572;-0.027702054008841515;0.45861777663230896;0.6790238618850708;-0.018324604257941246;0.4889769941568375;0.391076934337616;-0.4428995668888092;0.5146006047725677;0.6249916404485703;-0.27002909034490585;0.4505983218550682;0.6309240311384201;-0.29001954942941666;0.5088040033976237;0.8311228553454081;0.012225555876890818;0.4531600773334503;0.8288185397783915;0.02044457073012988;;inclinandose;
0.63;0.48405930399894714;0.42307260632514954;-0.44152092933654785;0.5189730525016785;0.42979004979133606;-0.2664489448070526;0.4542403817176819;0.4378740191459656;-0.2735316753387451;0.5217697024345398;0.5282813906669617;-0.21857507526874542;0.4478382170200348;0.5319140553474426;-0.2320406585931778;0.49975892901420593;0.5385547280311584;0.0011014757910743356;0.46512383222579956;0.5411103367805481;-0.001128910924308002;0.50612872838974;0.6758278012275696;-0.027447763830423355;0.45866504311561584;0.6766605973243713;-0.0231618694961071;0.4893745452165604;0.4034999668598175;-0.4559512287378311;0.514556348323822;0.633307546377182;-0.27643463015556335;0.450334869325161;0.6393942981958389;-0.30209534615278244;0.508763313293457;0.8313727974891663;0.013206644604603449;0.4531869093577067;0.8272473017374674;0.01765439162651698;;inclinandose;
0.67;0.48445025086402893;0.4341142773628235;-0.448093056678772;0.5189716815948486;0.43722859025001526;-0.27233102917671204;0.4544946849346161;0.44438666105270386;-0.2801324129104614;0.5203695297241211;0.5379179120063782;-0.22258688509464264;0.4477894902229309;0.5384161472320557;-0.23751559853553772;0.49907976388931274;0.5391669869422913;0.0016272686189040542;0.4651232063770294;0.5414643883705139;-0.0016416094731539488;0.5057869553565979;0.6762796640396118;-0.028332872316241264;0.45869219303131104;0.6767841577529907;-0.0279599167406559;0.4902002602815628;0.41496368646621706;-0.46313240826129914;0.5146680623292923;0.6433931440114975;-0.27539266645908356;0.45022396743297577;0.6476665884256363;-0.30284418910741806;0.5087166031201681;0.8322397669156393;0.009997580200433731;0.45318461457888287;0.8274147113164266;0.012571456531683603;;inclinandose;
0.7;0.4845989942550659;0.44562193751335144;-0.4545136094093323;0.5190223455429077;0.44830358028411865;-0.2786506116390228;0.4546515643596649;0.44998660683631897;-0.2875261604785919;0.5184768438339233;0.547842800617218;-0.22774098813533783;0.44774991273880005;0.544028639793396;-0.2465295046567917;0.49883362650871277;0.5413399338722229;0.0016100555658340454;0.46511393785476685;0.5416224598884583;-0.001625645556487143;0.505274772644043;0.6763879656791687;-0.032992612570524216;0.45869216322898865;0.6771918535232544;-0.026729712262749672;0.4904926925897598;0.4270110994577408;-0.4698967546224594;0.5144792646169662;0.6518395245075226;-0.2809344604611397;0.4500296488404274;0.6527575850486755;-0.31210849434137344;0.5087177952130636;0.8331164320309957;0.004849777867396672;0.45317259430885315;0.8276010155677795;0.014457467943429947;;inclinandose;
0.73;0.48477107286453247;0.45332327485084534;-0.46664535999298096;0.5192163586616516;0.4539981186389923;-0.2899722158908844;0.4547019898891449;0.45481064915657043;-0.2979608476161957;0.518807053565979;0.5562004446983337;-0.24437367916107178;0.447742760181427;0.5502532124519348;-0.26114314794540405;0.49878990650177;0.5436080098152161;0.0017898097867146134;0.46472811698913574;0.5428507924079895;-0.0017953045899048448;0.5053043961524963;0.6778967380523682;-0.042687706649303436;0.45849186182022095;0.6805087924003601;-0.027644261717796326;0.49070640206336974;0.43510053753852845;-0.48207469582557677;0.5151948481798172;0.6606006175279617;-0.2958645671606064;0.4499645307660103;0.661100760102272;-0.3243982195854187;0.5088333090146383;0.8340221842130026;0.001982562243938446;0.45305291811625165;0.8300821979840597;0.017118236670891445;;inclinandose;
0.77;0.4848693907260895;0.46219831705093384;-0.46747466921806335;0.5195349454879761;0.460372656583786;-0.29744482040405273;0.4547443687915802;0.4587668478488922;-0.298199862241745;0.5189976692199707;0.5620492696762085;-0.25888267159461975;0.44784194231033325;0.5574579834938049;-0.26380354166030884;0.49876028299331665;0.5440409183502197;6,74E+09;0.4647023677825928;0.5429723262786865;2,00E+11;0.5052850246429443;0.677618682384491;-0.057504549622535706;0.45790114998817444;0.6807307004928589;-0.0414329394698143;0.4907829284667969;0.44540620446205137;-0.48361163437366483;0.5156766921281815;0.6667246073484421;-0.3133328706026077;0.4498736336827278;0.6667630970478058;-0.3280504643917084;0.5087286035219828;0.8342542846997579;-0.02590783437093099;0.4527181287606557;0.8303759694099426;0.00026105841000874835;;inclinandose;
0.8;0.4843665659427643;0.47367480397224426;-0.47197791934013367;0.5195325613021851;0.4662363827228546;-0.3032931685447693;0.4547625780105591;0.4667195677757263;-0.30734407901763916;0.5190369486808777;0.5653616786003113;-0.2680622637271881;0.448415070772171;0.5688415765762329;-0.277384489774704;0.4986674189567566;0.544985830783844;-0.00028303550789132714;0.4646400511264801;0.5434069037437439;0.000315019249683246;0.5047792196273804;0.6753619313240051;-0.06591010093688965;0.4577192962169647;0.6807062029838562;-0.051883235573768616;0.490610933303833;0.45740745067596433;-0.4884531140327454;0.5158941745758057;0.6724933087825775;-0.32465024292469025;0.4499706029891968;0.6745118647813797;-0.34061016887426376;0.5086950063705444;0.8338117996851603;-0.032894141816844545;0.45264626542727154;0.8306762973467509;-0.011320806418855986;;inclinandose;
0.83;0.4846378266811371;0.4833434820175171;-0.49026086926460266;0.5194150805473328;0.47209712862968445;-0.3190716505050659;0.4547812044620514;0.4710323214530945;-0.32175734639167786;0.5192103981971741;0.5719050765037537;-0.28671765327453613;0.4495394229888916;0.5735962390899658;-0.2914663851261139;0.49867892265319824;0.5449913144111633;-0.0016915866872295737;0.4646799564361572;0.5431586503982544;0.00175681512337178;0.5047232508659363;0.6665199995040894;-0.07590504735708237;0.45775488018989563;0.6762346625328064;-0.07126962393522263;0.4908159375190735;0.46761107742786406;-0.5073149710893631;0.515929713845253;0.6814091205596924;-0.3507225215435028;0.4500775411725044;0.6808405965566635;-0.35937725007534027;0.5084049105644226;0.832241952419281;-0.04800861421972513;0.4524615406990051;0.8311544259389242;-0.0296474516702195;;inclinandose;
0.87;0.48514050245285034;0.4930799901485443;-0.48795804381370544;0.5193102359771729;0.47894933819770813;-0.31819379329681396;0.4548285901546478;0.4776230752468109;-0.32431069016456604;0.5192568302154541;0.5778955817222595;-0.2872598171234131;0.4504460394382477;0.5794984698295593;-0.29691463708877563;0.4987117350101471;0.5450475215911865;-0.0020347360987216234;0.4646376967430115;0.542908787727356;0.0021163751371204853;0.5033436417579651;0.6614293456077576;-0.08307790011167526;0.45776650309562683;0.670792818069458;-0.07356994599103928;0.4912708908319473;0.47884730994701385;-0.5050128877162934;0.5158997923135757;0.6902924031019211;-0.34808172285556793;0.450399249792099;0.6911426782608032;-0.3624366968870163;0.5082773764928182;0.8300582766532898;-0.05723946417371432;0.45254115263621014;0.8305227160453796;-0.03761159527736405;;inclinandose;
0.9;0.4857665002346039;0.5005381107330322;-0.48535245656967163;0.5192643404006958;0.486762672662735;-0.29766687750816345;0.4549102187156677;0.4822961390018463;-0.30560627579689026;0.5191847681999207;0.5869216918945312;-0.2611709237098694;0.4524129331111908;0.5866378545761108;-0.2738093137741089;0.4987218677997589;0.5437840819358826;-0.001991421217098832;0.4646349251270294;0.5399015545845032;0.002049472415819764;0.5026286244392395;0.6610584259033203;-0.07471705228090286;0.45795759558677673;0.6650418043136597;-0.06481438875198364;0.49155984818935394;0.48712330460548403;-0.4886429190635681;0.5157697349786758;0.6961261034011841;-0.32819800078868866;0.4515342637896538;0.698835089802742;-0.34542472660541534;0.5081082781155905;0.8306969801584879;-0.05631244368851185;0.45255225896835327;0.8299744725227356;-0.03649392103155454;;inclinandose;
0.93;0.48591914772987366;0.5112568736076355;-0.4514732360839844;0.5188708901405334;0.49610063433647156;-0.2932651937007904;0.45501449704170227;0.4920973777770996;-0.2972800135612488;0.5188816785812378;0.594862699508667;-0.24801087379455566;0.45296308398246765;0.5936986804008484;-0.26859208941459656;0.4987351894378662;0.5432193875312805;-0.00241343816742301;0.46451881527900696;0.5381492376327515;0.0024384898133575916;0.5011261105537415;0.6623768210411072;-0.06904512643814087;0.4579786956310272;0.6637678146362305;-0.05754252150654793;0.49160570502281187;0.498520502448082;-0.4625797837972641;0.5153192579746246;0.7007180154323578;-0.2807961031794548;0.4524785205721855;0.7046962529420853;-0.3054087981581688;0.5079841613769531;0.8318936030069987;-0.06107319829364618;0.45256178577740985;0.8303774992624918;-0.0359499811505278;;inclinandose;
0.97;0.485866516828537;0.5217762589454651;-0.4551807940006256;0.5185807943344116;0.5019686818122864;-0.29194602370262146;0.4554356038570404;0.4978349506855011;-0.29648923873901367;0.5186151266098022;0.6012946367263794;-0.24579939246177673;0.45372405648231506;0.6009942293167114;-0.26009243726730347;0.4987119734287262;0.5433210730552673;-0.004270333796739578;0.4643910825252533;0.5379476547241211;0.00429873401299119;0.499800443649292;0.6633460521697998;-0.07372913509607315;0.4579859673976898;0.6643139123916626;-0.05715129151940346;0.49130461513996126;0.5087687820196152;-0.4700525999069214;0.5152828395366669;0.7069091796875;-0.27714312076568604;0.45364462584257126;0.7096018940210342;-0.2998210936784744;0.5081077615420023;0.8354004224141439;-0.06837219620744388;0.4528943995634715;0.8304663896560669;-0.03687090162808696;;inclinandose;
1.0;0.4851830303668976;0.5277286171913147;-0.46679943799972534;0.5184489488601685;0.5110073685646057;-0.298278272151947;0.4560028612613678;0.5061751008033752;-0.3058018982410431;0.5184831619262695;0.6094547510147095;-0.2480473816394806;0.45389682054519653;0.6092397570610046;-0.2617516815662384;0.4986799657344818;0.5432864427566528;-0.0053910198621451855;0.4640539288520813;0.5372979044914246;0.005430768709629774;0.499279260635376;0.6722214221954346;-0.0733288899064064;0.4579918384552002;0.6728202700614929;-0.0353015772998333;0.49048832654953;0.5149746477603913;-0.4828003019094467;0.5151831656694412;0.7124110162258148;-0.2820693776011467;0.4546635001897812;0.7164113968610764;-0.3062458783388138;0.5085287888844808;0.8358062704404196;-0.06519483961164951;0.4530407389005025;0.8348216613133749;-0.012412537510196367;;inclinandose;
1.03;0.48481452465057373;0.5344560146331787;-0.4942084550857544;0.5182841420173645;0.5138565301895142;-0.316728413105011;0.4568507671356201;0.5126631855964661;-0.3239384889602661;0.5184341669082642;0.6136834025382996;-0.2621743083000183;0.45403242111206055;0.6131877899169922;-0.27639269828796387;0.49920859932899475;0.5379891991615295;-0.005849117413163185;0.4641605317592621;0.5335466265678406;0.005920955445617437;0.4988882541656494;0.6718650460243225;-0.07321830838918686;0.4580015242099762;0.6724719405174255;-0.04578042030334473;0.49014124274253845;0.5244572639465332;-0.5120004057884217;0.5150766223669052;0.7183587700128555;-0.30027660727500916;0.45559051632881165;0.7216271609067917;-0.33071328699588776;0.5104882915814718;0.837516983350118;-0.05182255432009697;0.45311715205510456;0.8351436456044515;-0.014349607129891714;;inclinandose;
1.07;0.4848266541957855;0.539380669593811;-0.4983585774898529;0.518200159072876;0.5166434645652771;-0.32340410351753235;0.4569961130619049;0.5165005326271057;-0.32730549573898315;0.5181816816329956;0.6185702681541443;-0.27004602551460266;0.4541719853878021;0.6150057315826416;-0.2829042375087738;0.4992685914039612;0.5361042618751526;-0.007313181646168232;0.4641225337982178;0.5318630337715149;0.007435579784214497;0.4982336461544037;0.669666051864624;-0.08155947923660278;0.4581255614757538;0.6724766492843628;-0.05026163533329964;0.490068644285202;0.5285111248493195;-0.5167902886867524;0.5146977007389069;0.7249201685190201;-0.30940738320350647;0.4563329145312309;0.7234016358852386;-0.34270088374614716;0.5104984442392985;0.8365801572799683;-0.05451298442979654;0.4535963535308838;0.8353423873583475;-0.024144611321389675;;inclinandose;
1.1;0.4847641587257385;0.5443405508995056;-0.5053706169128418;0.5180097222328186;0.5207551717758179;-0.3305175006389618;0.4571343660354614;0.5227935910224915;-0.3308242857456207;0.5180513858795166;0.6222661137580872;-0.2796696126461029;0.45413488149642944;0.6196185350418091;-0.28778737783432007;0.4996415674686432;0.5294349789619446;-0.006914509925991297;0.4642010033130646;0.5266603231430054;0.007039186544716358;0.4985235333442688;0.6646276712417603;-0.08585193753242493;0.45847171545028687;0.6700828075408936;-0.05770988389849663;0.48970038294792173;0.53203045129776;-0.5244928002357483;0.514269694685936;0.7291405647993088;-0.317261703312397;0.4569770246744156;0.7311647087335587;-0.35011086612939835;0.511099636554718;0.8308601578076681;-0.05891882876555125;0.453810195128123;0.8342388470967611;-0.036908876752325646;;inclinandose;
1.13;0.4850480556488037;0.5496351718902588;-0.48889562487602234;0.517357349395752;0.5251878499984741;-0.3191225528717041;0.45696941018104553;0.5350180864334106;-0.32226255536079407;0.5173400044441223;0.625437319278717;-0.27055835723876953;0.4540365934371948;0.627574622631073;-0.28099778294563293;0.5002571940422058;0.5262218117713928;-0.005825547501444817;0.4641975462436676;0.526596188545227;0.005983214825391769;0.4986557364463806;0.6650890111923218;-0.08093523234128952;0.45848503708839417;0.6698271036148071;-0.06687608361244202;0.4898804873228073;0.5369611799716949;-0.5069430857896805;0.5141146928071976;0.7335454225540161;-0.3127576485276222;0.45759275555610657;0.740300640463829;-0.33982348442077637;0.5114388267199198;0.8298975825309753;-0.05760700379808744;0.45382646719614667;0.8338916103045145;-0.03986651194281876;;inclinandose;
1.17;0.4850483238697052;0.5550289154052734;-0.4639355540275574;0.5166982412338257;0.53081876039505;-0.30254897475242615;0.4568597376346588;0.5426499843597412;-0.3051806390285492;0.5163772702217102;0.6287306547164917;-0.24425871670246124;0.45395246148109436;0.6352139115333557;-0.2556648850440979;0.5021975040435791;0.5236842036247253;-0.0049063218757510185;0.46445658802986145;0.5245903134346008;0.0050554475747048855;0.4988217353820801;0.6658788323402405;-0.0749681368470192;0.4584590494632721;0.6692317724227905;-0.06210761144757271;0.4898752510547638;0.5416983187198638;-0.4820487409830093;0.5139789432287216;0.7398147284984589;-0.2801157534122467;0.4582938030362129;0.7460286915302277;-0.30267127603292465;0.5119283199310303;0.8321341077486674;-0.036528213027243815;0.45381252964337665;0.8337153196334839;-0.03737316754025718;;inclinandose;
1.2;0.4851108491420746;0.556853175163269;-0.4768590033054352;0.5160500407218933;0.5352145433425903;-0.311856210231781;0.4568603038787842;0.5460962653160095;-0.31279146671295166;0.5158032178878784;0.6338043212890625;-0.25448301434516907;0.4538918137550354;0.6393479108810425;-0.26308271288871765;0.5021055936813354;0.5253724455833435;-0.0037136171013116837;0.46441373229026794;0.5257565975189209;0.0038588461466133595;0.4988382160663605;0.6688612103462219;-0.07435927540063858;0.45844510197639465;0.670202910900116;-0.06552092730998993;0.4899208307266235;0.5470502734184265;-0.49477759599685667;0.5139854848384857;0.7442029863595963;-0.28920989483594894;0.4588742330670357;0.7502745091915131;-0.3095798119902611;0.5096315940221151;0.84049524863561;-0.033672049593102805;0.4538039167722066;0.8360111713409424;-0.03337815799750388;;inclinandose;
1.23;0.48511624336242676;0.5597637295722961;-0.4783202111721039;0.5154650211334229;0.5364030003547668;-0.3107159435749054;0.4570785462856293;0.5491155982017517;-0.3122810125350952;0.5153899192810059;0.6353327631950378;-0.2517574429512024;0.45395901799201965;0.6431748270988464;-0.2608063220977783;0.5029802322387695;0.523362934589386;-0.002121049677953124;0.46477818489074707;0.5250058770179749;0.002256997860968113;0.4988676905632019;0.6677350401878357;-0.07396043092012405;0.4587499499320984;0.6698259115219116;-0.07508883625268936;0.48990843892097474;0.5509548306465148;-0.49620911180973054;0.5138310045003891;0.7472500503063202;-0.28049705922603607;0.4592043608427048;0.753409817814827;-0.3063553646206856;0.5092297792434692;0.8442387382189432;-0.03538645325655428;0.4538663725058238;0.8373411893844604;-0.04129096368948618;;inclinandose;
1.27;0.4845186173915863;0.560046911239624;-0.47882819175720215;0.5153207778930664;0.5401952266693115;-0.31202730536460876;0.4574684500694275;0.5458698868751526;-0.30837246775627136;0.5146490931510925;0.6409645676612854;-0.2516692280769348;0.45463359355926514;0.6435173749923706;-0.25061309337615967;0.5034674406051636;0.5213440656661987;-0.002625432563945651;0.465044766664505;0.5221973657608032;0.0027710534632205963;0.4987674653530121;0.6677544713020325;-0.07647502422332764;0.45896390080451965;0.6697273850440979;-0.07405560463666916;0.4893284499645233;0.5509480118751526;-0.49732901751995084;0.5135844051837921;0.7513612657785416;-0.27732066810131073;0.4601382538676262;0.7569863945245743;-0.2954237684607506;0.508829673131307;0.8442007899284363;-0.03787345386808738;0.4538898666699727;0.837326169013977;-0.03883482768045118;;inclinandose;
1.3;0.4839877784252167;0.5632255673408508;-0.4786188006401062;0.5149111151695251;0.5461244583129883;-0.31100061535835266;0.45807090401649475;0.5442332029342651;-0.3042159676551819;0.5139830112457275;0.6472005844116211;-0.24612495303153992;0.4547102153301239;0.6413957476615906;-0.24281053245067596;0.5035610795021057;0.5206671953201294;-0.002636478515341878;0.4651441276073456;0.5211828351020813;0.0027790216263383627;0.4988153278827667;0.6678487062454224;-0.07638626545667648;0.4584631621837616;0.6696076989173889;-0.0712767094373703;0.48876104354858396;0.55362748503685;-0.4964782416820526;0.5124010443687439;0.7535136491060257;-0.27062858641147614;0.4616512805223465;0.7571864426136017;-0.2884426638484001;0.5087256828943888;0.8436567982037863;-0.034728415620823704;0.45390744010607403;0.8378029266993204;-0.037007296147445835;;inclinandose;
1.33;0.48374614119529724;0.565833330154419;-0.48714789748191833;0.5144253969192505;0.5458137392997742;-0.31733396649360657;0.45858579874038696;0.5440678000450134;-0.3055533170700073;0.5139089226722717;0.6469012498855591;-0.2521238625049591;0.4548869729042053;0.6407981514930725;-0.24665795266628265;0.5035598278045654;0.5177831649780273;-0.00304907513782382;0.46526333689689636;0.5173807740211487;0.003197203855961561;0.4989902675151825;0.6679030656814575;-0.08189733326435089;0.45845991373062134;0.6674925684928894;-0.07390140742063522;0.48849416375160215;0.5572710514068604;-0.5062696069478989;0.5117928087711334;0.754999965429306;-0.2769783213734627;0.46184463798999786;0.7592889815568924;-0.29576775431632996;0.5088972449302673;0.8453259269396464;-0.03950793847131232;0.45397018392880756;0.8385019501050314;-0.035691230756735116;;inclinandose;
1.37;0.48435407876968384;0.5669910907745361;-0.5036783218383789;0.5144994854927063;0.5422325730323792;-0.325357049703598;0.45983585715293884;0.5418694615364075;-0.3157820701599121;0.5140662789344788;0.6425799131393433;-0.2531479001045227;0.45624053478240967;0.6385154128074646;-0.24694088101387024;0.5054526329040527;0.5121905207633972;-0.004606268368661404;0.465297669172287;0.5078591704368591;0.004767130129039288;0.4990406036376953;0.6668701171875;-0.08162462711334229;0.4596278965473175;0.665347695350647;-0.07147683948278427;0.48879703879356384;0.5575925529003143;-0.5230989933013916;0.5117591917514801;0.7568512707948685;-0.2772974222898483;0.46208754926919937;0.7630070745944977;-0.30170395970344543;0.5083168148994446;0.8451460202534994;-0.030335706037779648;0.4541594386100769;0.8382165233294169;-0.023239103456338246;;inclinandose;
1.4;0.48479971289634705;0.5674173831939697;-0.4716612696647644;0.5153257250785828;0.5431740880012512;-0.30428093671798706;0.46035236120224;0.543583333492279;-0.29893040657043457;0.5141684412956238;0.6400922536849976;-0.22944006323814392;0.4577031433582306;0.6386926770210266;-0.2335924655199051;0.5052015781402588;0.5214221477508545;-0.00443511875346303;0.4659879803657532;0.5188506841659546;0.0045974948443472385;0.49988362193107605;0.6669139862060547;-0.09006540477275848;0.45994776487350464;0.6654614806175232;-0.08059700578451157;0.48917652666568756;0.5598065078258514;-0.4914699614048004;0.511816143989563;0.7564460635185242;-0.2534315846860409;0.46223971247673035;0.7631468325853348;-0.2827719375491142;0.5084961652755737;0.8472878932952881;-0.0537766565879186;0.4543968935807546;0.8397814035415649;-0.04627578301976124;;inclinandose;
1.43;0.4848058223724365;0.5692764520645142;-0.4661409258842468;0.515784740447998;0.5457751750946045;-0.30117326974868774;0.46036601066589355;0.5449714064598083;-0.29695820808410645;0.5142382383346558;0.6447542309761047;-0.22431905567646027;0.4579611122608185;0.6397804021835327;-0.2283865213394165;0.5050920844078064;0.5216882228851318;-0.004498802591115236;0.4671531319618225;0.5190030932426453;0.004654601216316223;0.5004013776779175;0.6677528023719788;-0.08171700686216354;0.46005797386169434;0.6667636632919312;-0.06028207764029503;0.4891687363386154;0.5614953875541687;-0.48629271388053896;0.5118678063154221;0.7579841017723083;-0.23943635448813438;0.46204952895641327;0.7642445266246796;-0.27125054597854614;0.5084840456644694;0.8469881614049276;-0.039464280474931;0.4543980459372203;0.8395899534225464;-0.024113689238826435;;inclinandose;
1.47;0.48446428775787354;0.5680087804794312;-0.46905726194381714;0.5162238478660583;0.5471433401107788;-0.30569612979888916;0.4602796137332916;0.5434044003486633;-0.29744577407836914;0.5150088667869568;0.6477126479148865;-0.22777174413204193;0.4577785134315491;0.6395236849784851;-0.2273084819316864;0.5049871206283569;0.5176582932472229;-0.006763160694390535;0.4673740863800049;0.5135077238082886;0.006916345097124577;0.500675618648529;0.6642435193061829;-0.08106260746717453;0.460110068321228;0.6663002371788025;-0.0594417005777359;0.4888224363327026;0.5613598942756652;-0.4890547305345535;0.5119102299213409;0.7606794536113739;-0.255712304264307;0.46202483028173447;0.76527339220047;-0.27007661014795303;0.5097524722417196;0.8382182916005453;-0.0336824503998893;0.45441826184590656;0.8383551041285197;-0.01602581888437271;;inclinandose;
1.5;0.48440098762512207;0.5700801610946655;-0.47073957324028015;0.5164692401885986;0.5493046641349792;-0.3069233000278473;0.4602028429508209;0.5439208745956421;-0.2989758253097534;0.5150412917137146;0.6517077088356018;-0.2339041531085968;0.45830097794532776;0.641055703163147;-0.2303065061569214;0.504913330078125;0.518078088760376;-0.006788803264498711;0.4675128757953644;0.5144542455673218;0.006934838835150003;0.5010697841644287;0.664915919303894;-0.08157980442047119;0.46012890338897705;0.6650318503379822;-0.060823675245046616;0.4887139141559601;0.5627044022083283;-0.49193515479564665;0.5118702501058578;0.7615620791912079;-0.25501952320337296;0.46214406192302704;0.7659717500209808;-0.2728818207979202;0.5090782443682352;0.8386085629463196;-0.03465508372755721;0.4544094701608022;0.8377738992373148;-0.018483532592654228;;inclinandose;
1.53;0.4843071699142456;0.5714113116264343;-0.47716888785362244;0.5165029764175415;0.5507195591926575;-0.31061798334121704;0.4602173864841461;0.544147789478302;-0.2996636629104614;0.5150653719902039;0.6535091996192932;-0.23779159784317017;0.4582788348197937;0.6407942175865173;-0.23099899291992188;0.5048573613166809;0.5182868242263794;-0.006699339020997286;0.4677425026893616;0.5144679546356201;0.006842498667538166;0.5014603137969971;0.6654646992683411;-0.08646362274885178;0.4601256251335144;0.663665771484375;-0.0715448334813118;0.48852918446064;0.5642189085483551;-0.49866926968097686;0.5118067413568497;0.7619034945964813;-0.2575661316514015;0.4621148258447647;0.7656444162130356;-0.2760239914059639;0.509449323018392;0.8389537731806437;-0.04379709251224995;0.4544092317422231;0.837094763914744;-0.026041872954616945;;inclinandose;
1.57;0.4843015968799591;0.5713678002357483;-0.48563477396965027;0.5165997743606567;0.5508663654327393;-0.3194293975830078;0.4600711464881897;0.5446973443031311;-0.30404406785964966;0.5151376724243164;0.6535360217094421;-0.24696001410484314;0.4582155644893646;0.6440274119377136;-0.2333296239376068;0.5047860145568848;0.5184177756309509;-0.006938070058822632;0.4677557945251465;0.5144364833831787;0.007077836897224188;0.5014874339103699;0.6655890345573425;-0.08581842482089996;0.4601514935493469;0.6635237336158752;-0.06494011729955673;0.4885214000940323;0.5647297739982605;-0.5072028189897537;0.5118705034255981;0.7624411880970001;-0.26779963076114655;0.46206410229206085;0.7662560343742371;-0.2781231924891472;0.5091211398442587;0.8405187328656515;-0.03672035218914971;0.45443686842918396;0.836664060751597;-0.013487639526526133;;inclinandose;
1.6;0.48410990834236145;0.571763277053833;-0.4891010820865631;0.5167068839073181;0.5502802133560181;-0.32326850295066833;0.4598948657512665;0.5443701148033142;-0.3059552013874054;0.5153135657310486;0.6528483033180237;-0.2495751827955246;0.45817288756370544;0.6445006728172302;-0.23206721246242523;0.5047320127487183;0.5170023441314697;-0.007465132512152195;0.467882364988327;0.5128428936004639;0.007606079336255789;0.5014827251434326;0.6656973361968994;-0.08551474660634995;0.4602086842060089;0.6626940369606018;-0.06357944011688232;0.48834662735462187;0.5658304512500762;-0.5108847945928574;0.5120403170585632;0.7629501968622208;-0.2679762914776802;0.46196866035461426;0.7669000178575516;-0.2748091518878937;0.5088537732760111;0.8428449034690857;-0.035125903552398086;0.45451997717221576;0.8360231320063273;-0.011676512658596039;;inclinandose;
1.63;0.48392486572265625;0.5735894441604614;-0.4902760088443756;0.5170760750770569;0.5498816967010498;-0.3208208978176117;0.4596157371997833;0.544284462928772;-0.3102761507034302;0.5155380368232727;0.6524266600608826;-0.24548622965812683;0.4581317901611328;0.6456625461578369;-0.23233404755592346;0.5046882033348083;0.5171496868133545;-0.007136655505746603;0.46787363290786743;0.513268232345581;0.007271923590451479;0.5015537738800049;0.6669195294380188;-0.08474808186292648;0.4602229595184326;0.6627694368362427;-0.06344407796859741;0.4882073044776917;0.5678125441074371;-0.5117955803871155;0.5123612731695175;0.7633495330810547;-0.262068934738636;0.46192577481269836;0.7684284150600433;-0.2774231731891632;0.5085807840029398;0.8441982666651408;-0.030701059692849714;0.45456524689992267;0.8355707923571268;-0.010848848770062128;;inclinandose;
1.67;0.483928382396698;0.5749028921127319;-0.4898184537887573;0.5172929763793945;0.5494518280029297;-0.3195573687553406;0.4595273435115814;0.5445262789726257;-0.3113819360733032;0.5160087943077087;0.6521442532539368;-0.24331529438495636;0.45819130539894104;0.6455860733985901;-0.2327602207660675;0.5044846534729004;0.5173047780990601;-0.007091350853443146;0.4678150713443756;0.5139686465263367;0.0072274962440133095;0.5015518069267273;0.6669237613677979;-0.08402055501937866;0.4602445960044861;0.6632626056671143;-0.06258620321750641;0.4882108449935913;0.5690686166286468;-0.5111939579248428;0.5126359611749649;0.7628361731767654;-0.2618645988404751;0.4619077816605568;0.7687366306781769;-0.28053099662065506;0.5086049636205038;0.8443961143493652;-0.0317044115314881;0.4545982877413432;0.835636556148529;-0.011814488718907038;;inclinandose;
1.7;0.48396068811416626;0.5746181607246399;-0.4886667728424072;0.5174264907836914;0.5492808818817139;-0.31916919350624084;0.4594863951206207;0.5443628430366516;-0.3108047842979431;0.5161278247833252;0.6517136096954346;-0.23921383917331696;0.4583410322666168;0.6451801061630249;-0.2338314801454544;0.504332423210144;0.5167509913444519;-0.007075821980834007;0.46780359745025635;0.5141857862472534;0.007208198308944702;0.5012897849082947;0.6669798493385315;-0.08207307755947113;0.4603382647037506;0.6656138300895691;-0.058873169124126434;0.48825772702693937;0.5689545273780823;-0.5096906065940857;0.5133685022592545;0.7627479434013367;-0.25819874554872513;0.46188458800315857;0.7688819169998169;-0.28166694194078445;0.5088043212890625;0.8455214699109396;-0.027704994349430006;0.4547214210033417;0.8358448346455892;-0.009280713275074959;;inclinandose;
1.73;0.4840242862701416;0.5746880173683167;-0.48507845401763916;0.5177764296531677;0.5491867065429688;-0.317537784576416;0.45947763323783875;0.5443018078804016;-0.31010857224464417;0.5161715149879456;0.651452898979187;-0.23857960104942322;0.45842015743255615;0.6448850035667419;-0.23424416780471802;0.5041128993034363;0.5167785882949829;-0.0070419153198599815;0.4677949547767639;0.5143464207649231;0.007177143357694149;0.5006751418113708;0.6670935153961182;-0.07966896146535873;0.46039795875549316;0.6656638383865356;-0.05570751801133156;0.4883406639099121;0.5694455325603485;-0.5064170122146606;0.5139981657266617;0.7627341151237488;-0.25909770280122757;0.46179332584142685;0.768547773361206;-0.28191038966178894;0.5105264782905579;0.8443681001663208;-0.02429474952320258;0.454827884833018;0.8359951774279276;-0.005870192001263301;;inclinandose;
1.77;0.48402532935142517;0.5742868781089783;-0.4850129783153534;0.5179706811904907;0.5489671230316162;-0.3178977966308594;0.4594593644142151;0.5444454550743103;-0.3108372688293457;0.5161970257759094;0.651299238204956;-0.24037973582744598;0.458261102437973;0.644632875919342;-0.23905712366104126;0.5040118098258972;0.5168178677558899;-0.007018501404672861;0.4677049219608307;0.5163635015487671;0.007154949940741062;0.5006832480430603;0.6675302982330322;-0.07960132509469986;0.46040260791778564;0.6671132445335388;-0.05530611053109169;0.4883508771657944;0.5695235133171082;-0.5063287407159806;0.5144587010145187;0.7624515891075134;-0.2644406221807003;0.4616750031709671;0.7687596082687378;-0.2897632047533989;0.5101107557614645;0.8443289796511332;-0.02271253118912379;0.45502111315727234;0.8360303441683451;-0.001762362817923228;;inclinandose;
1.8;0.4840162694454193;0.5739637613296509;-0.48735311627388;0.5180492997169495;0.548471987247467;-0.32155370712280273;0.4594458341598511;0.5443779230117798;-0.31400439143180847;0.5162301659584045;0.6510693430900574;-0.2505629360675812;0.45824044942855835;0.6447482705116272;-0.24751678109169006;0.5038560032844543;0.5166904330253601;-0.0070905666798353195;0.4676356017589569;0.5162001848220825;0.00723026180639863;0.5006411075592041;0.6681211590766907;-0.07835623621940613;0.4604126513004303;0.6672481894493103;-0.05261059105396271;0.48835301399230957;0.569539362192154;-0.5086667835712433;0.5149655193090439;0.7625306397676468;-0.27751167118549347;0.4615427181124687;0.7684787511825562;-0.3000000864267349;0.5099268158276876;0.844237764676412;-0.01782078358034293;0.45514848828315735;0.8360921740531921;0.005120418965816498;;inclinandose;
1.83;0.48401331901550293;0.5737335681915283;-0.49157536029815674;0.5180675387382507;0.547403872013092;-0.3270311653614044;0.4594394862651825;0.5442947745323181;-0.31804153323173523;0.5162352323532104;0.6508089303970337;-0.2594427764415741;0.4582480788230896;0.6449216604232788;-0.255445659160614;0.5036730170249939;0.5161707997322083;-0.007287661079317331;0.4675346612930298;0.5157789587974548;0.007433358114212751;0.5003399848937988;0.6689821481704712;-0.07721515744924545;0.46042507886886597;0.6688863635063171;-0.04888684302568436;0.4883622705936432;0.5692476034164429;-0.5127238124608994;0.5154198408126831;0.7626840174198151;-0.28695758432149887;0.46135348826646805;0.7684230506420135;-0.30835293233394623;0.5097598632176717;0.8444863557815552;-0.013808011387785276;0.4552144606908162;0.8361267646153768;0.01265035072962443;;inclinandose;
1.87;0.4840136468410492;0.5735973119735718;-0.4895532429218292;0.5180871486663818;0.5464094877243042;-0.3255511224269867;0.45942825078964233;0.5438562035560608;-0.31647634506225586;0.5162613987922668;0.6504994034767151;-0.2563352882862091;0.4582357108592987;0.6449345350265503;-0.25242313742637634;0.5035819411277771;0.5159920454025269;-0.007165723945945501;0.4674795866012573;0.5163677930831909;0.007313744630664587;0.5002506971359253;0.6696656346321106;-0.0740388035774231;0.4603670537471771;0.669989287853241;-0.048335812985897064;0.4883694231510162;0.5690060973167419;-0.5105946600437165;0.5157757252454758;0.7626908719539642;-0.28368768841028214;0.46117258816957474;0.7683264762163162;-0.30291903018951416;0.5104943116505941;0.844500740369161;-0.012739544113477072;0.4552516043186188;0.8359936277071635;0.00986322263876597;;inclinandose;
1.9;0.4840487241744995;0.5724591016769409;-0.4847539961338043;0.518072783946991;0.5451295375823975;-0.32528507709503174;0.45943567156791687;0.5436747074127197;-0.31561046838760376;0.5162791609764099;0.6497430801391602;-0.2540842592716217;0.45822563767433167;0.6448652744293213;-0.25317466259002686;0.5034555196762085;0.5158419013023376;-0.007009579800069332;0.46742862462997437;0.5165355205535889;0.00716005964204669;0.5000123977661133;0.6697568297386169;-0.07254106551408768;0.46036794781684875;0.669992208480835;-0.04931570962071419;0.48843556344509126;0.5687644958496094;-0.5052930325269699;0.5159400254487991;0.7626146674156189;-0.27976254373788834;0.4610017091035843;0.7682555317878723;-0.30287274718284607;0.509838322798411;0.8449663718541464;-0.012265407790740332;0.4552904466787974;0.8355140487353007;0.008813212315241495;;inclinandose;
1.93;0.4840705394744873;0.5719512104988098;-0.48195862770080566;0.5180554986000061;0.5445552468299866;-0.3232885003089905;0.45942893624305725;0.5436440110206604;-0.31518006324768066;0.5162875652313232;0.6492428183555603;-0.2529866695404053;0.4582180976867676;0.6448411345481873;-0.2534610331058502;0.5033707618713379;0.5165975689888;-0.006830128375440836;0.46735912561416626;0.5170929431915283;0.006982383318245411;0.4998261034488678;0.6722661256790161;-0.07201634347438812;0.460431307554245;0.6701039671897888;-0.05021190270781517;0.4884874910116196;0.5685679256916046;-0.5022161453962326;0.5160787850618362;0.7625606209039688;-0.27794957160949707;0.46081800758838654;0.7682595998048782;-0.30315447598695755;0.5099992156028748;0.8446345130602518;-0.013444513082504272;0.45533497134844464;0.8347733418146769;0.006941948086023331;;inclinandose;
1.97;0.48407143354415894;0.5713103413581848;-0.4808732569217682;0.5179035067558289;0.5438276529312134;-0.32078519463539124;0.45942774415016174;0.5435409545898438;-0.3134014904499054;0.5163478255271912;0.648800253868103;-0.2522610127925873;0.45820650458335876;0.6447522044181824;-0.2522423267364502;0.5032376050949097;0.5162372589111328;-0.0068207294680178165;0.4673525393009186;0.5171471238136292;0.00697316275909543;0.4997589588165283;0.671431839466095;-0.07615992426872253;0.4606160521507263;0.6700277328491211;-0.05228833854198456;0.4884832054376602;0.5680601179599762;-0.5012421399354935;0.5163101255893707;0.7624118328094482;-0.2781921252608299;0.46079225838184357;0.7683393657207489;-0.3033292815089226;0.509487251440684;0.8434683283170065;-0.02483515425895651;0.4554113248984019;0.8335976004600525;-0.001742243766784668;;inclinandose;
2.0;0.48408040404319763;0.5711062550544739;-0.4795492887496948;0.5179092884063721;0.543609619140625;-0.31907525658607483;0.4594246745109558;0.5434965491294861;-0.31225478649139404;0.5165391564369202;0.6486685276031494;-0.2509549558162689;0.45810583233833313;0.6445998549461365;-0.25140073895454407;0.5031890869140625;0.5155696272850037;-0.006811497732996941;0.4673376679420471;0.5157593488693237;0.006963773164898157;0.49975982308387756;0.6709813475608826;-0.07469762116670609;0.46064722537994385;0.6695001721382141;-0.05043922737240791;0.48849575519561766;0.5676155149936676;-0.499989441037178;0.5164070725440979;0.7623761296272278;-0.2769032344222069;0.46077609807252884;0.7683038264513016;-0.30090999603271484;0.5101112922032675;0.8411829272905985;-0.017543143903215725;0.4554261366526286;0.8328770796457926;0.004717253148555756;;inclinandose;
2.03;0.4841786026954651;0.5711050033569336;-0.4795764982700348;0.518057644367218;0.5434585213661194;-0.3185943365097046;0.4594227075576782;0.5432347059249878;-0.3109505772590637;0.5169641971588135;0.6481425166130066;-0.2480679452419281;0.4580763280391693;0.6445632576942444;-0.24665440618991852;0.5031874775886536;0.5145082473754883;-0.006878170650452375;0.46743786334991455;0.5139161944389343;0.0070298342034220695;0.4997873902320862;0.6706568002700806;-0.0724906474351883;0.4608007073402405;0.6694039106369019;-0.045520175248384476;0.48861474394798277;0.5672098636627197;-0.5001298755407333;0.5164036005735397;0.7623510807752609;-0.27071288228034973;0.4606929197907448;0.7683004289865494;-0.2936800569295883;0.5109592278798422;0.8385313153266907;-0.012844851861397425;0.4554540713628133;0.831918994585673;0.010266004751125971;;inclinandose;
2.07;0.4841901659965515;0.5710747241973877;-0.4801066517829895;0.5180994272232056;0.5432833433151245;-0.31937459111213684;0.4594193994998932;0.542486310005188;-0.3100627660751343;0.5172120928764343;0.647375762462616;-0.24811825156211853;0.45801088213920593;0.6443815231323242;-0.24244101345539093;0.5031839609146118;0.5139663815498352;-0.007854066789150238;0.46744099259376526;0.51282799243927;0.008003938011825085;0.4998146593570709;0.670380711555481;-0.07191608846187592;0.460821270942688;0.6691100001335144;-0.04004129767417908;0.4886490225791931;0.5667147159576416;-0.5011229425668716;0.5163945704698563;0.7623074948787689;-0.2706489935517311;0.46064291149377823;0.7682882994413376;-0.2882927358150482;0.5114306211471558;0.8375166455904642;-0.01377681146065394;0.4554445544878642;0.8317018946011862;0.014262247830629349;;inclinandose;
2.1;0.4841916561126709;0.5708693861961365;-0.4806082248687744;0.5181018710136414;0.5427553653717041;-0.31935402750968933;0.4593856632709503;0.5414572358131409;-0.3097260892391205;0.5176247954368591;0.6459746956825256;-0.24743132293224335;0.4578336775302887;0.6441910266876221;-0.2410467565059662;0.5031773447990417;0.514015257358551;-0.007936326786875725;0.4674059748649597;0.512791097164154;0.008081940934062004;0.49991241097450256;0.6703168153762817;-0.0721808448433876;0.46082282066345215;0.6690124869346619;-0.04167671501636505;0.48865841925144193;0.5656158030033112;-0.5017691522836685;0.5163458585739136;0.7615243494510651;-0.26900365203619003;0.4605271518230438;0.7682538032531738;-0.28664787858724594;0.5112807353337606;0.8395114541053772;-0.015391510600845018;0.4554482698440552;0.8317707578341166;0.011714265992244085;;inclinandose;
2.13;0.48419496417045593;0.5708641409873962;-0.4809195399284363;0.5181913375854492;0.5427333116531372;-0.3187999725341797;0.45930659770965576;0.5407844185829163;-0.3093152344226837;0.5179335474967957;0.6457640528678894;-0.24636046588420868;0.4577849805355072;0.6439913511276245;-0.24011056125164032;0.5031716227531433;0.514348566532135;-0.00790989026427269;0.467363566160202;0.5128805637359619;0.00805569440126419;0.5000759959220886;0.670016348361969;-0.07656972110271454;0.4608233571052551;0.6688889861106873;-0.0425536222755909;0.4886913686990738;0.5650180101394653;-0.5021366983652115;0.5161962658166885;0.7614386528730392;-0.2688993588089943;0.4604860320687294;0.768218919634819;-0.2864803820848465;0.5111806988716125;0.8398664196332296;-0.02694104068602125;0.45544444521268207;0.8318952719370524;0.0037894087533156076;;inclinandose;
2.17;0.4841897487640381;0.5708553194999695;-0.4833073616027832;0.5182679891586304;0.5427238941192627;-0.3192007541656494;0.4592372179031372;0.5400002002716064;-0.30934542417526245;0.5179769992828369;0.6456745862960815;-0.24756498634815216;0.4577564299106598;0.6434051394462585;-0.2397143691778183;0.5031812191009521;0.514378011226654;-0.00788926612585783;0.4673597812652588;0.5128365755081177;0.008034512400627136;0.5001901388168335;0.6684220433235168;-0.07661706209182739;0.46082359552383423;0.6684158444404602;-0.043015461415052414;0.4886912047863007;0.564542955160141;-0.5045374900102615;0.5154456496238708;0.76116943359375;-0.2711937502026558;0.4604410454630852;0.7681125849485397;-0.2861240580677986;0.5115168690681458;0.8388339678446451;-0.028016083252926666;0.45544372995694477;0.8319813211758932;0.0002821385860443115;;inclinandose;
2.2;0.4841901361942291;0.5708411335945129;-0.48628246784210205;0.518346905708313;0.5427154898643494;-0.31919702887535095;0.45921632647514343;0.5397518277168274;-0.3095966875553131;0.5179722309112549;0.6454534530639648;-0.24708692729473114;0.457761287689209;0.6426950097084045;-0.23947536945343018;0.5032778978347778;0.5143840909004211;-0.007486005313694477;0.4673983156681061;0.5126173496246338;0.00762246735394001;0.5002990961074829;0.6627042293548584;-0.08083256334066391;0.4608452022075653;0.6672284007072449;-0.05189748480916023;0.48869541585445403;0.5637826800346375;-0.5076193630695343;0.5143474489450455;0.7596399039030075;-0.2709815502166748;0.4603778347373009;0.767972394824028;-0.28642649948596954;0.5103118817011515;0.8383578856786092;-0.03628922690889643;0.4554462929566701;0.8318916161855062;-0.012524272625645002;;inclinandose;
2.23;0.4842182397842407;0.5705946087837219;-0.49256953597068787;0.5185086131095886;0.5427668690681458;-0.3215765655040741;0.4592299461364746;0.5396274924278259;-0.3100971579551697;0.5177555084228516;0.6455621719360352;-0.24752561748027802;0.4578079283237457;0.64247065782547;-0.23823033273220062;0.503443717956543;0.5125792622566223;-0.007134870160371065;0.46754249930381775;0.5089578628540039;0.007275422569364309;0.500270426273346;0.6596877574920654;-0.08424966782331467;0.4609099328517914;0.6659123301506042;-0.05846058204770088;0.48870755136013033;0.5633839070796967;-0.5140757590532303;0.5134740918874741;0.7591115534305573;-0.2709832340478897;0.46015623956918716;0.7679674029350281;-0.2857856750488281;0.5100828011830648;0.8359908858935038;-0.03907375728401045;0.4554299016793569;0.8301681081453959;-0.018278464674949646;;inclinandose;
2.27;0.48415717482566833;0.5689694881439209;-0.4913884401321411;0.5185410380363464;0.5427625775337219;-0.32052814960479736;0.45923539996147156;0.539310097694397;-0.3084540069103241;0.5171475410461426;0.6453931927680969;-0.24688711762428284;0.4578089416027069;0.6414850354194641;-0.23558814823627472;0.5038014054298401;0.5141696333885193;-0.0067351991310715675;0.46759575605392456;0.5090492367744446;0.006871023681014776;0.5002803206443787;0.660075306892395;-0.0858253464102745;0.4609234035015106;0.665655791759491;-0.060893282294273376;0.4886317074298859;0.5618019044399262;-0.5126433163881302;0.5128892809152603;0.7580762952566147;-0.27013903111219406;0.4598749354481697;0.7672677636146545;-0.2832310423254967;0.5096500913302103;0.838959276676178;-0.04467249382287264;0.455403596162796;0.8306888143221537;-0.022663134150207043;;inclinandose;
2.3;0.4840797185897827;0.5681617856025696;-0.49046558141708374;0.5185871124267578;0.5427801609039307;-0.3204496204853058;0.4592541754245758;0.5393236875534058;-0.3070075213909149;0.5165605545043945;0.6452240347862244;-0.24709932506084442;0.4578118324279785;0.6410866975784302;-0.23387311398983002;0.5040380954742432;0.5141833424568176;-0.006779147777706385;0.4677082300186157;0.509273886680603;0.006916741840541363;0.5002360343933105;0.6603955030441284;-0.0848037451505661;0.4609115421772003;0.6656314134597778;-0.06078127771615982;0.4885911464691162;0.5606699168682099;-0.5116659462451935;0.5120740830898285;0.7579884231090546;-0.2701767012476921;0.459634929895401;0.7667880654335022;-0.28175824880599976;0.5113115111986796;0.8373529116312662;-0.03992345385874311;0.45531465609868366;0.8309943079948425;-0.016749824086825054;;inclinandose;
2.33;0.4840809106826782;0.5671652555465698;-0.47696924209594727;0.5186154246330261;0.5425032377243042;-0.3139101564884186;0.4593736231327057;0.5394042134284973;-0.2999703884124756;0.5160077810287476;0.6438238620758057;-0.23974522948265076;0.45799532532691956;0.6401475071907043;-0.22392593324184418;0.5043606162071228;0.5146334767341614;-0.006656998302787542;0.4677889347076416;0.5093461275100708;0.006789103616029024;0.5002359747886658;0.6606333255767822;-0.07366467267274857;0.46090996265411377;0.6656196713447571;-0.05163773521780968;0.4886090993881226;0.5594528973102569;-0.4983991265296936;0.5113208144903183;0.757197842001915;-0.25721944868564606;0.4595547765493393;0.7629709839820862;-0.26484735682606697;0.5110961397488912;0.8427260518074036;-0.038657278715011976;0.4551524023214976;0.8341061671574911;-0.014676212643583616;;inclinandose;
2.37;0.4843772351741791;0.5647721886634827;-0.46669960021972656;0.5186144709587097;0.5411505103111267;-0.30812275409698486;0.45950642228126526;0.5387464761734009;-0.2968268096446991;0.515891969203949;0.6424097418785095;-0.23584096133708954;0.4579968750476837;0.639415979385376;-0.22330529987812042;0.5044062733650208;0.5146393775939941;-0.006498231552541256;0.46778804063796997;0.5095297694206238;0.006619577761739492;0.5005099177360535;0.6611448526382446;-0.07090730220079422;0.46102094650268555;0.6647660136222839;-0.0451921746134758;0.48888620138168337;0.5559355020523071;-0.48774555921554563;0.5110139101743698;0.7549276053905487;-0.25462791696190834;0.45949700474739075;0.7591762542724609;-0.2612888589501381;0.5113717913627625;0.8412725528081259;-0.03608782154818376;0.45501689116160077;0.8360542257626852;-0.013951734950145086;;inclinandose;
2.4;0.4848465025424957;0.5621443390846252;-0.46051982045173645;0.5185658931732178;0.5383217930793762;-0.3031066060066223;0.4596547782421112;0.5377779006958008;-0.2934816777706146;0.5157442092895508;0.6398562788963318;-0.2315462976694107;0.45806264877319336;0.6378631591796875;-0.22092421352863312;0.5044015645980835;0.5141282677650452;-0.006157122552394867;0.4676930904388428;0.5094393491744995;0.0062696365639567375;0.5007179975509644;0.6587597131729126;-0.07139330357313156;0.4610203206539154;0.6640669703483582;-0.046156175434589386;0.489529550075531;0.5516789555549622;-0.48112384378910067;0.5109886080026627;0.7528017610311508;-0.2515918202698231;0.4593396931886673;0.7558718323707581;-0.2578156553208828;0.5115078290303549;0.839164117972056;-0.03640819457359612;0.45486800869305927;0.8366245826085409;-0.02029376942664385;;inclinandose;
2.43;0.4849277138710022;0.5593677163124084;-0.46659448742866516;0.5185671448707581;0.5358821153640747;-0.3060303032398224;0.45978158712387085;0.5321255922317505;-0.29562756419181824;0.5154412388801575;0.6337224245071411;-0.230160653591156;0.4580826759338379;0.6308901309967041;-0.21955864131450653;0.5045294761657715;0.514407753944397;-0.006120995152741671;0.4676811695098877;0.5092775225639343;0.006237727124243975;0.5008039474487305;0.6586931347846985;-0.0746154636144638;0.4611663222312927;0.6628485321998596;-0.04899989813566208;0.48971453309059143;0.5493640661239624;-0.48686727583408357;0.510551393032074;0.7486265301704407;-0.2521727420389652;0.4591754451394081;0.7519149780273438;-0.26268884167075157;0.5109745065371195;0.8370709419250488;-0.035558066718901195;0.4547802011171977;0.8365830977757772;-0.021208643292387325;;inclinandose;
2.47;0.48492568731307983;0.5567764043807983;-0.4761461317539215;0.5185744762420654;0.5332930684089661;-0.3064994812011719;0.45950907468795776;0.5294054746627808;-0.29644864797592163;0.5154271125793457;0.6305627822875977;-0.23232336342334747;0.4574959874153137;0.6279420256614685;-0.2204361855983734;0.5045369863510132;0.515173077583313;-0.005894545000046492;0.46747052669525146;0.5093103051185608;0.006019300781190395;0.5006459951400757;0.6586621999740601;-0.08017387241125107;0.4612574279308319;0.6614578366279602;-0.05486886575818062;0.48973093926906586;0.544769024848938;-0.4977241337299347;0.5101865082979202;0.7435213476419449;-0.2542101703584194;0.45884548872709274;0.7475244700908661;-0.26559584215283394;0.5106706221898397;0.835381825764974;-0.0406673327088356;0.45471806327501935;0.8364823261896769;-0.028141442996760208;;inclinandose;
2.5;0.48510271310806274;0.5519858002662659;-0.4750121533870697;0.5185134410858154;0.5288986563682556;-0.30785173177719116;0.4592597186565399;0.5256712436676025;-0.2952250838279724;0.5154111385345459;0.6258417367935181;-0.2333962619304657;0.4571910798549652;0.6246050596237183;-0.21955975890159607;0.5044348239898682;0.5139561891555786;-0.006366264075040817;0.4669276177883148;0.5093532800674438;0.006495767273008823;0.500229001045227;0.6568643450737;-0.08800133317708969;0.461421936750412;0.6597105264663696;-0.057005874812603;0.4899024277925491;0.5390639185905457;-0.49634251594543455;0.5101675540208817;0.7389081418514252;-0.26480402424931526;0.4588409885764122;0.7423070222139359;-0.26675641536712646;0.510654866695404;0.8333079218864441;-0.052616082752744354;0.4547422130902608;0.8360954324404398;-0.031686367156604923;;inclinandose;
2.53;0.48511311411857605;0.5480558276176453;-0.468392938375473;0.5184855461120605;0.5261954069137573;-0.30440497398376465;0.4589982330799103;0.523481011390686;-0.29143041372299194;0.5155474543571472;0.6224184036254883;-0.23362061381340027;0.4568670690059662;0.6223123669624329;-0.21925389766693115;0.5044329166412354;0.5139251947402954;-0.006344993133097887;0.46689051389694214;0.5093986392021179;0.00647406792268157;0.503411054611206;0.6571474075317383;-0.09284324198961258;0.4618789851665497;0.6585543155670166;-0.06849826127290726;0.4899842649698257;0.5332328259944916;-0.4887109726667404;0.5102707147598267;0.7350651770830154;-0.267227903008461;0.45851996541023254;0.7373355180025101;-0.26759592071175575;0.5107097625732422;0.8327671488126119;-0.06411583473285039;0.454838107029597;0.8356353441874186;-0.04485081570843855;;inclinandose;
2.57;0.48509830236434937;0.5413221120834351;-0.47501319646835327;0.5184682011604309;0.5215399265289307;-0.3055271506309509;0.4587610960006714;0.5158885717391968;-0.293070524930954;0.5156340599060059;0.6158220767974854;-0.2361312210559845;0.45662060379981995;0.6155558228492737;-0.22015181183815002;0.5046550035476685;0.5118707418441772;-0.006481776479631662;0.46675628423690796;0.5093614459037781;0.006611772812902927;0.5007375478744507;0.6496602296829224;-0.10060779750347137;0.46215370297431946;0.6567480564117432;-0.07285067439079285;0.49013436436653135;0.5262950420379638;-0.4948579967021942;0.5106571763753891;0.7289324253797531;-0.26775767654180527;0.4582771360874176;0.731264591217041;-0.27205630391836166;0.5112524032592773;0.8324574828147888;-0.07733334600925446;0.45499585072199505;0.8352814515431722;-0.05023272025088469;;inclinandose;
2.6;0.48547056317329407;0.5313031673431396;-0.4867384433746338;0.5185004472732544;0.5148885250091553;-0.30991196632385254;0.4583912491798401;0.5102992653846741;-0.30394473671913147;0.5156435966491699;0.6108554601669312;-0.24595651030540466;0.4566024839878082;0.6111802458763123;-0.2361614853143692;0.5049014091491699;0.5114387273788452;-0.006559681612998247;0.46655723452568054;0.5093916654586792;0.006685823202133179;0.4991116523742676;0.651036262512207;-0.09195023030042648;0.46224063634872437;0.657153844833374;-0.061872512102127075;0.49100415110588075;0.5154636621475219;-0.5054727345705032;0.5112436711788177;0.7237526923418045;-0.2779817059636116;0.45809097588062286;0.7245171070098877;-0.2887078747153282;0.5116240580876669;0.8326756755510966;-0.06459979712963104;0.4550906221071879;0.8349094788233439;-0.04423027765005827;;inclinandose;
2.63;0.48546531796455383;0.520997166633606;-0.4860380291938782;0.5189442038536072;0.5034040808677673;-0.31199735403060913;0.4577966332435608;0.49577900767326355;-0.3035656213760376;0.5157620906829834;0.6038647294044495;-0.25934454798698425;0.45594993233680725;0.6049997210502625;-0.23844973742961884;0.5044780969619751;0.5137165784835815;-0.007880611345171928;0.4661923944950104;0.5115577578544617;0.00798648502677679;0.4988555908203125;0.6564444899559021;-0.0884692519903183;0.46222126483917236;0.6607733964920044;-0.052903976291418076;0.49121083319187164;0.505595862865448;-0.5047173380851746;0.5119224786758423;0.7163628339767456;-0.30761590600013733;0.45742231607437134;0.7176730334758759;-0.29524170607328415;0.5119502147038778;0.8326908548672994;-0.060795710111657776;0.4551766812801361;0.834803561369578;-0.03375587202996636;;inclinandose;
2.67;0.4839169979095459;0.5052791833877563;-0.47263890504837036;0.5190305709838867;0.49492746591567993;-0.30763697624206543;0.45754292607307434;0.4861612617969513;-0.30467143654823303;0.516162633895874;0.593847393989563;-0.25886890292167664;0.4559396207332611;0.5959861874580383;-0.25170454382896423;0.503972589969635;0.5202130079269409;-0.007851026020944118;0.4661581218242645;0.5133101344108582;0.007969731464982033;0.49888622760772705;0.6569736003875732;-0.08827374875545502;0.4618018865585327;0.6586236953735352;-0.05631905049085617;0.4905308336019516;0.48981971442699435;-0.4899054616689682;0.5125816017389297;0.7060504853725433;-0.2993125766515732;0.4567016661167145;0.7085079550743103;-0.3046390414237976;0.5115485787391663;0.831950843334198;-0.07581009343266487;0.45517903566360474;0.8342574238777161;-0.041557665914297104;;inclinandose;
2.7;0.483517587184906;0.4935795068740845;-0.4800662398338318;0.5194059610366821;0.48449409008026123;-0.31223997473716736;0.4565730690956116;0.4795427918434143;-0.3089532256126404;0.5165852308273315;0.5844824314117432;-0.2708612084388733;0.4555439054965973;0.5879925489425659;-0.2658371925354004;0.5022780895233154;0.5317596793174744;-0.008207928389310837;0.4658047556877136;0.5219860672950745;0.008297181688249111;0.49891048669815063;0.66173255443573;-0.08724198490381241;0.46096301078796387;0.659602701663971;-0.05705688148736954;0.4904597282409668;0.4786275804042816;-0.4962306827306747;0.5133797228336334;0.6973137855529785;-0.3168207257986069;0.4549582377076149;0.6992070525884628;-0.32418685406446457;0.5119417905807495;0.8320969740549723;-0.06869540487726529;0.4552137851715088;0.8344799280166626;-0.035500224912539124;;inclinandose;
2.73;0.48355069756507874;0.4775582551956177;-0.46896761655807495;0.5195488929748535;0.4777389168739319;-0.30589762330055237;0.45582056045532227;0.4660605192184448;-0.30613166093826294;0.5166537165641785;0.579380452632904;-0.2636580765247345;0.45392367243766785;0.5781134963035583;-0.26132190227508545;0.5005345344543457;0.545166552066803;-0.00806386023759842;0.46557101607322693;0.5376957058906555;0.008127652108669281;0.4989853501319885;0.680041491985321;-0.07475535571575165;0.46014368534088135;0.670656144618988;-0.05594504997134209;0.49056853652000426;0.46088550984859467;-0.48450477719306945;0.5135396271944046;0.6889167726039886;-0.30519451946020126;0.4534486383199692;0.6907755732536316;-0.3167610242962837;0.5137836734453837;0.8382036288579305;-0.05838398945828279;0.45495031277338666;0.8354306221008301;-0.02304721095909675;;inclinandose;
2.77;0.4834820032119751;0.46277111768722534;-0.4652312397956848;0.5193337202072144;0.46448373794555664;-0.3026276230812073;0.4553270637989044;0.45937299728393555;-0.30125898122787476;0.5167603492736816;0.5633630752563477;-0.26728978753089905;0.451106458902359;0.5672416090965271;-0.26618701219558716;0.499082088470459;0.5535701513290405;-0.007405784446746111;0.4645758271217346;0.5515244007110596;0.0074675544165074825;0.4999389946460724;0.690863311290741;-0.08753138035535812;0.4573791027069092;0.6794291734695435;-0.08381003886461258;0.4905337780714035;0.4458952069282532;-0.4814639389514923;0.513886496424675;0.6739148944616318;-0.3250928893685341;0.45340339839458466;0.680492639541626;-0.33313216269016266;0.5134924650192261;0.8441312511761984;-0.05754931208988031;0.4544130464394887;0.8363209168116251;-0.02564047509804368;;inclinandose;
2.8;0.48307639360427856;0.4472447335720062;-0.4646046459674835;0.5192216634750366;0.4582657516002655;-0.2974682152271271;0.4540990889072418;0.4561491906642914;-0.29661232233047485;0.5170183181762695;0.5575191378593445;-0.26408639550209045;0.44970905780792236;0.559550404548645;-0.2605575919151306;0.49868130683898926;0.5587480068206787;0.0002132363006239757;0.4642407298088074;0.5584539175033569;-0.0001538332726340741;0.5032916069030762;0.6983059644699097;-0.09132791310548782;0.45674407482147217;0.6917874217033386;-0.0979849174618721;0.49038181602954867;0.4288711786270142;-0.48077707588672636;0.5147468894720078;0.6651894599199295;-0.3241427317261696;0.45307084918022156;0.6699635088443756;-0.3286009505391121;0.5141608516375223;0.8479001720746359;-0.022601892861227196;0.4538308580716451;0.8367506663004557;-0.02179618738591671;;inclinandose;
2.83;0.48313677310943604;0.43112608790397644;-0.4503527581691742;0.5192323327064514;0.4466300308704376;-0.2782653868198395;0.4538195729255676;0.4439436197280884;-0.2841464579105377;0.5190754532814026;0.5484386682510376;-0.23888015747070312;0.4466193616390228;0.5474171042442322;-0.2535715699195862;0.49891936779022217;0.5578761696815491;0.0025896469596773386;0.464246541261673;0.5588619112968445;-0.0025483290664851665;0.5039978623390198;0.6964078545570374;-0.07508184760808945;0.45633062720298767;0.6932457685470581;-0.09728454053401947;0.49052760303020476;0.4116919755935669;-0.4657879680395126;0.5165413618087769;0.6553628593683243;-0.31713175028562546;0.4517211392521858;0.6564666926860809;-0.3258785754442215;0.5138479471206665;0.8469796776771545;0.011554509401321411;0.45356645186742145;0.8372698426246643;-0.006666017075379689;;inclinandose;
2.87;0.48314666748046875;0.41613584756851196;-0.4277908504009247;0.5195245742797852;0.4430023729801178;-0.2603248655796051;0.45347097516059875;0.43483391404151917;-0.2653796970844269;0.5208421945571899;0.5411245822906494;-0.218875914812088;0.4454044699668884;0.5407291650772095;-0.23234446346759796;0.4990045130252838;0.556377112865448;0.002171118976548314;0.46411803364753723;0.5580875277519226;-0.002164170378819108;0.5047817826271057;0.6943724751472473;-0.07706240564584732;0.4560698866844177;0.6952832341194153;-0.09206417202949524;0.49080570936203005;0.39693385660648345;-0.44038763642311096;0.5175109952688217;0.6452509313821793;-0.2895130291581154;0.4510544687509537;0.6469502598047256;-0.3087186962366104;0.5136202971140543;0.8467254439989725;-0.002726847305893898;0.45334118604660034;0.8379496932029724;0.00427406777938207;;inclinandose;
2.9;0.48337334394454956;0.3994463086128235;-0.43251699209213257;0.5197322368621826;0.43514522910118103;-0.26122990250587463;0.4532865881919861;0.42751947045326233;-0.2670929729938507;0.5221080780029297;0.5334303379058838;-0.21773409843444824;0.4442247450351715;0.5345064401626587;-0.23102818429470062;0.4991755187511444;0.5522345304489136;0.0021074300166219473;0.46369487047195435;0.5535370111465454;-0.0021230378188192844;0.5047548413276672;0.6907439827919006;-0.06245562434196472;0.45616620779037476;0.6903638243675232;-0.06589958816766739;0.49110279977321625;0.3812014490365982;-0.4435137540102005;0.5189572721719742;0.6373493075370789;-0.2859300374984741;0.4502631202340126;0.6390700042247772;-0.3055711090564728;0.5129931767781576;0.8457960486412048;-0.0015213973820209503;0.45328935980796814;0.8383769194285074;0.0068039533992608385;;inclinandose;
2.93;0.48407748341560364;0.3862311542034149;-0.4234963655471802;0.519729733467102;0.42657214403152466;-0.2553739845752716;0.45336252450942993;0.41807031631469727;-0.25695693492889404;0.522497832775116;0.5251539945602417;-0.20814304053783417;0.44376882910728455;0.5232589244842529;-0.21557703614234924;0.49928686022758484;0.5511487722396851;0.0020650927908718586;0.4634130597114563;0.5526520609855652;-0.0020915812347084284;0.5050178170204163;0.6898152232170105;-0.05654405057430267;0.4562407433986664;0.687889814376831;-0.06069213151931763;0.4916045844554901;0.36814302802085874;-0.4336210608482361;0.5203611999750137;0.6277446448802948;-0.2749315947294235;0.44861647486686707;0.6299279481172562;-0.28662198036909103;0.5127438108126322;0.8458157380421957;0.0020246567825476327;0.4531640311082204;0.8374844590822855;0.010679357995589575;;inclinandose;
2.97;0.4842643737792969;0.3685493469238281;-0.4023157060146332;0.519699215888977;0.41859596967697144;-0.2426205575466156;0.4532574415206909;0.41127461194992065;-0.24298390746116638;0.5225047469139099;0.5185527205467224;-0.2004062831401825;0.4425604045391083;0.5130229592323303;-0.2063446044921875;0.49957674741744995;0.5529103875160217;0.0017042695544660091;0.46308979392051697;0.5535852909088135;-0.0017428371356800199;0.5051988959312439;0.6913973689079285;-0.04795638471841812;0.456453800201416;0.68901526927948;-0.04916352033615112;0.4918349593877792;0.3517549157142639;-0.41067482233047486;0.5209019780158997;0.6215176433324814;-0.2729259505867958;0.4465598091483116;0.6228403002023697;-0.2782205641269684;0.5118128856023153;0.8456878662109375;0.023854694018761318;0.4532180726528168;0.8375954627990723;0.03377156953016917;;inclinandose;
3.0;0.4843934178352356;0.3553749918937683;-0.3693671226501465;0.5197045803070068;0.40983960032463074;-0.22062255442142487;0.45328888297080994;0.40276864171028137;-0.21839791536331177;0.5227060914039612;0.5106330513954163;-0.18388797342777252;0.44193437695503235;0.5064741969108582;-0.183649942278862;0.4998375475406647;0.5542328953742981;0.0007044778321869671;0.4626806080341339;0.554276704788208;-0.0007922384538687766;0.5053678750991821;0.6912235617637634;-0.05101080983877182;0.4565275311470032;0.6906044483184814;-0.018277611583471298;0.492045596241951;0.3389536589384079;-0.37587809562683105;0.522129699587822;0.6135798990726471;-0.2605774626135826;0.44486839324235916;0.6146651357412338;-0.25593895837664604;0.5114384889602661;0.8444247643152872;0.021725141753753025;0.4531640112400055;0.8371905485788981;0.06467996541080841;;inclinandose;
3.03;0.4844222068786621;0.3453587591648102;-0.3368663191795349;0.5197449326515198;0.4022965431213379;-0.19428293406963348;0.4533363878726959;0.3972820043563843;-0.19303756952285767;0.5228356122970581;0.5025085210800171;-0.1590994894504547;0.4418102204799652;0.4997241199016571;-0.15989933907985687;0.5000136494636536;0.5545336604118347;-0.0005094699445180595;0.4626365900039673;0.5543794631958008;0.00039323000237345695;0.5055819153785706;0.6904297471046448;-0.04989864304661751;0.456616073846817;0.6899802088737488;-0.02077970840036869;0.49208490252494813;0.330138099193573;-0.3422503650188446;0.5228884369134903;0.6055762767791748;-0.2367628514766693;0.44322794675827026;0.6053499132394791;-0.23327530175447464;0.5107565323511759;0.8423932194709778;0.0202403428653876;0.4533032675584157;0.836529274781545;0.053280736630161606;;inclinandose;
3.07;0.48447033762931824;0.33922290802001953;-0.3165786564350128;0.5197468996047974;0.39646509289741516;-0.17740021646022797;0.45331454277038574;0.3917786478996277;-0.17818735539913177;0.5231790542602539;0.4959522485733032;-0.1419120728969574;0.44180232286453247;0.4943915605545044;-0.1456054449081421;0.5003116726875305;0.5544826984405518;-0.001438413979485631;0.4625997245311737;0.55415940284729;0.0013111651642248034;0.5058969259262085;0.6897849440574646;-0.050562117248773575;0.45669353008270264;0.6891909241676331;-0.015758421272039413;0.4920998066663742;0.3229286938905716;-0.32120116949081423;0.5234411358833313;0.5987542271614075;-0.22012054175138474;0.4424256905913353;0.5968896597623825;-0.21924947202205658;0.5102640191713969;0.8414104779561361;0.014220857371886572;0.45339682698249817;0.8359048763910929;0.055790830248345934;;inclinandose;
3.1;0.48446717858314514;0.33184459805488586;-0.2845630943775177;0.519745945930481;0.39208123087882996;-0.1494620144367218;0.4533410370349884;0.38666918873786926;-0.15414638817310333;0.5233718156814575;0.49085044860839844;-0.11220461130142212;0.44192713499069214;0.4881187081336975;-0.12461037188768387;0.500676155090332;0.5541719198226929;-0.001460813800804317;0.46256834268569946;0.553988516330719;0.0013421089388430119;0.5062029361724854;0.6893463730812073;-0.038135092705488205;0.45675092935562134;0.6891421675682068;-0.011471380479633808;0.49202157855033873;0.3146255791187286;-0.2883258581161499;0.5242729336023331;0.5948375016450882;-0.1930365487933159;0.4419949874281883;0.5910639017820358;-0.20415209978818893;0.5099313457806905;0.8412837187449137;0.02782800296942393;0.4535296658674876;0.8357562224070231;0.059058918695275985;;inclinandose;
3.13;0.4843747019767761;0.3234686255455017;-0.25444960594177246;0.519542932510376;0.3884093463420868;-0.12269627302885056;0.4533385634422302;0.3846910893917084;-0.12858571112155914;0.523353099822998;0.48679646849632263;-0.08134573698043823;0.441986083984375;0.48572343587875366;-0.095271535217762;0.5009458065032959;0.5539847612380981;-0.0014905334683135152;0.46257317066192627;0.5537672638893127;0.0013622490223497152;0.506824791431427;0.6893692016601562;-0.036683373153209686;0.4567844867706299;0.689412534236908;-0.011100600473582745;0.4918771117925644;0.30769497752189634;-0.25702067017555236;0.5249778181314468;0.5910448431968689;-0.16217142343521118;0.44083789736032486;0.5903938114643097;-0.1742137335240841;0.5098804434140524;0.8411916891733805;0.02472447355588277;0.4535832107067108;0.8356607357660929;0.0629568316010894;;inclinandose;
3.17;0.48423323035240173;0.3189018964767456;-0.2424020916223526;0.5191510915756226;0.3849484324455261;-0.11221048980951309;0.4532763659954071;0.38305872678756714;-0.11693035066127777;0.5234161019325256;0.48245033621788025;-0.0694359838962555;0.4420153796672821;0.4830637276172638;-0.0804147720336914;0.5012686848640442;0.5536721348762512;-0.0012608158867806196;0.4625566005706787;0.5534365773200989;0.0011308746179565787;0.507208526134491;0.6900128126144409;-0.02787112258374691;0.4568850100040436;0.6899414658546448;-0.011257275938987732;0.49173116981983184;0.30365136861801145;-0.24502748996019363;0.526295930147171;0.5847563296556473;-0.15375031530857086;0.4400896579027176;0.5884537994861603;-0.15976734086871147;0.5099270343780518;0.8410271008809408;0.033948153257369995;0.45366449157396954;0.8356658617655436;0.06142225465737283;;inclinandose;
3.2;0.48383811116218567;0.3151341378688812;-0.22420881688594818;0.5191347599029541;0.3822195827960968;-0.09854184091091156;0.4532829225063324;0.3808586299419403;-0.09911030530929565;0.5243841409683228;0.4785311818122864;-0.05536486953496933;0.44216084480285645;0.47952210903167725;-0.059332527220249176;0.5023690462112427;0.553428590297699;-0.001335448119789362;0.4627035856246948;0.5532718896865845;0.0011986950412392616;0.5077345967292786;0.6897934079170227;-0.028407521545886993;0.45701852440834045;0.6901629567146301;-0.013505301438272;0.4913469761610031;0.2997546076774597;-0.2269826203584671;0.5274016559123993;0.5810076743364334;-0.1392203699797392;0.43981149047613144;0.5879926979541779;-0.13937732949852943;0.5099869966506958;0.8405767679214478;0.026879484454790752;0.4536999563376109;0.835726241270701;0.05375291065623363;;inclinandose;
3.23;0.4837464690208435;0.3136290907859802;-0.21603047847747803;0.5191275477409363;0.3794127404689789;-0.08871764689683914;0.4532869756221771;0.37908411026000977;-0.09318217635154724;0.5252546668052673;0.4758889079093933;-0.04473361000418663;0.4421406090259552;0.4778484106063843;-0.05452262982726097;0.5033671259880066;0.5528293251991272;-0.0011473159538581967;0.4628443121910095;0.5531288981437683;0.001022575655952096;0.5079252123832703;0.6897109150886536;-0.03168549761176109;0.4576127827167511;0.6902872920036316;-0.01846848614513874;0.4910730987787247;0.29747550189495087;-0.21854239255189895;0.5282182842493057;0.5795909911394119;-0.1292662527412176;0.43920254707336426;0.5876448005437851;-0.13471901416778564;0.5101089676221212;0.8404364784558614;0.022511320809523266;0.45383962988853455;0.8364463647206625;0.038533248007297516;;inclinandose;
3.27;0.4836124777793884;0.31166401505470276;-0.2149258702993393;0.5190735459327698;0.37821245193481445;-0.08773010969161987;0.4532961845397949;0.3771028518676758;-0.09224118292331696;0.5258413553237915;0.4748839735984802;-0.044018592685461044;0.442029744386673;0.47535043954849243;-0.05610690638422966;0.5043006539344788;0.5526560544967651;-0.0006828480982221663;0.46332475543022156;0.552958607673645;0.0005748006515204906;0.5081236362457275;0.689706027507782;-0.015386296436190605;0.4581175744533539;0.6906129717826843;-0.01329673919826746;0.4907446354627609;0.29536699056625365;-0.2172120228409767;0.5292431116104126;0.5781144499778748;-0.12747140042483807;0.43904437869787216;0.5865370333194733;-0.13671039044857025;0.5104982852935791;0.8387735287348429;0.035852612306674324;0.4538603226343791;0.8377079963684082;0.04115391708910465;;inclinandose;
3.3;0.4835774898529053;0.3110939860343933;-0.21606549620628357;0.5190678834915161;0.377339243888855;-0.08449164777994156;0.45335158705711365;0.3755805790424347;-0.09352221339941025;0.5262972712516785;0.4752902388572693;-0.03719480708241463;0.4420945644378662;0.4730425477027893;-0.056344445794820786;0.5051180124282837;0.5522773861885071;0.0007799524464644492;0.4641208350658417;0.55283123254776;-0.0008744291844777763;0.5082898139953613;0.6898258924484253;-0.012654915452003479;0.4585192799568176;0.6906539797782898;-0.013931883499026299;0.4905101388692856;0.29450606405735014;-0.21824387311935425;0.5301169604063034;0.5783046782016754;-0.1207724791020155;0.4387602210044861;0.5851791054010391;-0.13647272810339928;0.5103717843691508;0.8387545744578043;0.03762594175835451;0.4539090196291606;0.838419516881307;0.042140260338783264;;inclinandose;
3.33;0.4835728108882904;0.31009361147880554;-0.2160174399614334;0.5190551280975342;0.37680503726005554;-0.08282114565372467;0.45341479778289795;0.37536361813545227;-0.0946035385131836;0.5263488292694092;0.47417688369750977;-0.03334914520382881;0.44214358925819397;0.47226423025131226;-0.05665884539484978;0.5057387351989746;0.5519294738769531;0.002356554614380002;0.46466514468193054;0.5527365207672119;-0.002447644015774131;0.5085604190826416;0.6924839615821838;-0.00892194826155901;0.45889922976493835;0.6910349130630493;-0.014071465469896793;0.4902511894702911;0.29335390627384184;-0.2178965076804161;0.531323254108429;0.5761822760105133;-0.11657349951565266;0.438695453107357;0.5854343920946121;-0.13544841669499874;0.5103866259256998;0.8405661980311075;0.044928211718797684;0.45401938756306964;0.8384286562601725;0.04659021273255348;;inclinandose;
3.37;0.48362189531326294;0.3097219169139862;-0.21855196356773376;0.5190649032592773;0.3749144375324249;-0.08406144380569458;0.4534588158130646;0.37531882524490356;-0.09621096402406693;0.5266337990760803;0.47418543696403503;-0.03632059693336487;0.442181259393692;0.4747651517391205;-0.05854145437479019;0.5059247016906738;0.5517991781234741;0.00342916464433074;0.4647104740142822;0.552903950214386;-0.003519106889143586;0.5087986588478088;0.6940391659736633;-0.013355224393308163;0.4591761827468872;0.6940572261810303;-0.015707960352301598;0.4901300728321075;0.2922459155321121;-0.22045574635267257;0.532487615942955;0.5773447155952454;-0.12324080616235733;0.4387679770588875;0.5873400717973709;-0.13846072740852833;0.5102637807528178;0.8414990107218424;0.047152613600095115;0.45419379075368244;0.8407878279685974;0.046286456286907196;;vertical;
3.4;0.48363548517227173;0.3105626404285431;-0.21339151263237;0.5190579891204834;0.37382668256759644;-0.07724066823720932;0.4536255896091461;0.37452176213264465;-0.08907906711101532;0.527019739151001;0.47286155819892883;-0.029718676581978798;0.4423101544380188;0.4745151400566101;-0.05194508284330368;0.5060797333717346;0.551571786403656;0.0038161359261721373;0.46488797664642334;0.5528715252876282;-0.0038953751791268587;0.5088741183280945;0.6943153738975525;-0.012684821151196957;0.4596124291419983;0.6950578093528748;-0.016538621857762337;0.4900225818157196;0.2921892136335373;-0.21507893055677413;0.5340431779623032;0.5761788487434387;-0.12031663581728935;0.4389342814683914;0.5844474583864212;-0.13642538525164127;0.5103135903676351;0.8428367773691813;0.04542704174915949;0.4542737503846486;0.8442240357398987;0.04308226083715757;;vertical;
3.43;0.4836368262767792;0.31063297390937805;-0.21575544774532318;0.5190596580505371;0.3736325204372406;-0.07941793650388718;0.453851580619812;0.37418800592422485;-0.09197724610567093;0.527262806892395;0.473322331905365;-0.029940597712993622;0.4427849054336548;0.47524529695510864;-0.05482986569404602;0.5060314536094666;0.5511168837547302;0.0040838574059307575;0.4648932218551636;0.5527009963989258;-0.004159873351454735;0.508844792842865;0.6944122314453125;-0.009012825787067413;0.4599785804748535;0.6949891448020935;-0.016726676374673843;0.48997553884983064;0.2922850489616394;-0.21741197556257247;0.5348441302776337;0.5760956257581711;-0.11745468340814114;0.43913885951042175;0.5825762897729874;-0.1389732975512743;0.5104133288065592;0.8431939880053202;0.04561414631704489;0.4544169406096141;0.8451992670694987;0.04219735041260719;;vertical;
3.47;0.48345687985420227;0.3108478784561157;-0.20003145933151245;0.519033670425415;0.3743791878223419;-0.06532378494739532;0.45396125316619873;0.3741716742515564;-0.0810963585972786;0.5273969769477844;0.4733801484107971;-0.016159918159246445;0.4440831243991852;0.47447866201400757;-0.045934583991765976;0.5059667825698853;0.5506460070610046;0.0047239623963832855;0.46488818526268005;0.5524600148200989;-0.004796707537025213;0.5088687539100647;0.6942300200462341;-0.008556251414120197;0.4602051377296448;0.6948395371437073;-0.017116675153374672;0.4897023856639862;0.2927363485097885;-0.20110916644334792;0.5352279990911484;0.5765312910079956;-0.10167347826063633;0.4394530579447746;0.5791452378034592;-0.12938460148870945;0.5106085340181986;0.8439481457074484;0.043523392329613365;0.45455509424209595;0.8454459309577942;0.03935294163723787;;vertical;
3.5;0.48333078622817993;0.3117169439792633;-0.2024177759885788;0.5190260410308838;0.3754481077194214;-0.06814480572938919;0.45428401231765747;0.37483370304107666;-0.08354681730270386;0.5273445844650269;0.4746630787849426;-0.01826910674571991;0.4453570544719696;0.47524553537368774;-0.04823622107505798;0.5059193968772888;0.550613284111023;0.0049786944873631;0.464929461479187;0.5524225234985352;-0.005057228729128838;0.5088756680488586;0.6940943002700806;-0.008779888972640038;0.46062108874320984;0.6947286128997803;-0.017463522031903267;0.48951582312583924;0.29378227293491366;-0.20344679355621337;0.5349631160497665;0.5774632841348648;-0.10273463279008865;0.4401075169444084;0.5799030065536499;-0.13043915666639805;0.5106887817382812;0.8435235420862833;0.05080102135737737;0.45469868183135986;0.8453738490740458;0.04177080032726129;;vertical;
3.53;0.4833287000656128;0.3121919631958008;-0.20200079679489136;0.5190322399139404;0.3762207627296448;-0.06763376295566559;0.4545727074146271;0.37524551153182983;-0.08403739333152771;0.5273159742355347;0.47539862990379333;-0.017477454617619514;0.44610416889190674;0.47540315985679626;-0.049039024859666824;0.5058596730232239;0.5505815744400024;0.005197735503315926;0.46492528915405273;0.5522664189338684;-0.005279689095914364;0.5088677406311035;0.6939584612846375;-0.00895635224878788;0.46082043647766113;0.6946267485618591;-0.017529690638184547;0.48945417404174807;0.29439052045345304;-0.20287423133850097;0.5346391946077347;0.5778802782297134;-0.10084228962659836;0.4409896582365036;0.5796076506376266;-0.13041560724377632;0.51072625319163;0.8428009947141012;0.051785205801328026;0.4547910690307617;0.8454100092252096;0.04185462618867556;;vertical;
3.57;0.48329341411590576;0.3125101327896118;-0.20225192606449127;0.519038200378418;0.376634418964386;-0.06616728752851486;0.45480865240097046;0.3754747211933136;-0.08368818461894989;0.5273022055625916;0.4757791757583618;-0.015039105899631977;0.4467430114746094;0.47500836849212646;-0.048136040568351746;0.5058436989784241;0.5504871010780334;0.005460037849843502;0.4649317264556885;0.5518800616264343;-0.0055404952727258205;0.5088627338409424;0.6937218308448792;-0.007974921725690365;0.460991770029068;0.6945863962173462;-0.017893509939312935;0.4893356740474701;0.2947463184595108;-0.2032974123954773;0.5344606190919876;0.5782032757997513;-0.09775776602327824;0.4421616867184639;0.5797537863254547;-0.12911948934197426;0.510777473449707;0.8424796859423319;0.05045054480433464;0.45487481355667114;0.8453856309254965;0.04084748153885206;;vertical;
3.6;0.48321446776390076;0.3126288652420044;-0.194256991147995;0.519038736820221;0.37673479318618774;-0.059390585869550705;0.45499327778816223;0.3754784166812897;-0.07738473266363144;0.526969313621521;0.4762507677078247;-0.009699207730591297;0.4471680223941803;0.47462165355682373;-0.042883750051259995;0.5058115720748901;0.5502907037734985;0.005486517678946257;0.46505528688430786;0.5511592626571655;-0.005562326870858669;0.5088884234428406;0.6936227679252625;-0.007108400575816631;0.4611304998397827;0.6943062543869019;-0.01872173324227333;0.4891629219055176;0.2948399007320404;-0.1951105087995529;0.5339728444814682;0.5780650079250336;-0.09307854250073433;0.443276084959507;0.5795258283615112;-0.12468927726149559;0.5108656684557596;0.8421803514162699;0.049265352388223015;0.45491506656010944;0.8453176418940226;0.038684612760941185;;vertical;
3.63;0.48305147886276245;0.3127225637435913;-0.18802489340305328;0.5189899802207947;0.37681275606155396;-0.053234659135341644;0.4551246464252472;0.3752807080745697;-0.07078058272600174;0.5263798236846924;0.4765801727771759;-0.004734950605779886;0.4472920894622803;0.47403785586357117;-0.03746097534894943;0.5057908296585083;0.5500193238258362;0.005394302308559418;0.46521592140197754;0.5506277680397034;-0.005470547825098038;0.508897602558136;0.6936566233634949;-0.008412985131144524;0.461158812046051;0.6942647695541382;-0.019523294642567635;0.4889277100563049;0.2948868691921234;-0.1886431396007538;0.5321433246135712;0.5780656337738037;-0.08991073817014694;0.44453467428684235;0.5789088606834412;-0.1221005730330944;0.5108979940414429;0.8420647382736206;0.05046732227007548;0.4549410144488017;0.845300038655599;0.03886286665995916;;vertical;
3.67;0.48292338848114014;0.31264445185661316;-0.19554279744625092;0.5188730955123901;0.3768462836742401;-0.059670064598321915;0.4551393687725067;0.3754582703113556;-0.07681448012590408;0.5261077880859375;0.4767167866230011;-0.009447542019188404;0.4472973942756653;0.4743090867996216;-0.04147645831108093;0.5057718753814697;0.5495824813842773;0.005327994469553232;0.4654598534107208;0.550133466720581;-0.005404830444604158;0.5089549422264099;0.6938134431838989;-0.009129499085247517;0.4611516296863556;0.6942182183265686;-0.019974112510681152;0.4887572228908539;0.294873034954071;-0.1963178113102913;0.530595064163208;0.5782306641340256;-0.09225726500153542;0.4454260915517807;0.5792275071144104;-0.1245533749461174;0.5109124382336935;0.8420557578404745;0.04948963783681393;0.4549696246782939;0.8452280362447103;0.03812427197893461;;vertical;
3.7;0.4828149974346161;0.31256335973739624;-0.1993827074766159;0.5187890529632568;0.37672072649002075;-0.06228230148553848;0.4551392197608948;0.37549635767936707;-0.08049938827753067;0.5257463455200195;0.4769214391708374;-0.010715528391301632;0.4472365081310272;0.4752762019634247;-0.044821590185165405;0.5057811141014099;0.5494996309280396;0.005273276008665562;0.46588921546936035;0.5501295328140259;-0.005349910352379084;0.5090607404708862;0.6939852237701416;-0.009364934638142586;0.46099719405174255;0.6944186091423035;-0.019990336149930954;0.48860339224338534;0.2948318898677826;-0.20014029145240783;0.529175266623497;0.5783797204494476;-0.0909176841378212;0.44601844996213913;0.5794747322797775;-0.12749985791742802;0.5109702547391256;0.8419999480247498;0.05124195913473765;0.45497896273930866;0.8451957901318868;0.038562956576546036;;vertical;
3.73;0.4826149046421051;0.31268972158432007;-0.2015966922044754;0.5187692642211914;0.37655526399612427;-0.06350813806056976;0.4551313519477844;0.37556207180023193;-0.08224787563085556;0.5255997776985168;0.4769919514656067;-0.011982393451035023;0.4471929967403412;0.47556787729263306;-0.046521298587322235;0.505904495716095;0.5494440197944641;0.005230330862104893;0.4664217531681061;0.5501339435577393;-0.005301710218191147;0.5092595815658569;0.6943438649177551;-0.0072663757018744946;0.46087631583213806;0.6947252154350281;-0.019573571160435677;0.4884355545043945;0.2949585795402527;-0.20253468304872513;0.5280757397413254;0.5784104615449905;-0.09368524514138699;0.44679419696331024;0.5795788615942001;-0.12950177118182182;0.5111318826675415;0.8421680331230164;0.05291895226885875;0.4549710651238759;0.8453552524248759;0.03956504166126251;;vertical;
