segundo;landmark_10_x;landmark_10_y;landmark_10_z;landmark_11_x;landmark_11_y;landmark_11_z;landmark_12_x;landmark_12_y;landmark_12_z;landmark_13_x;landmark_13_y;landmark_13_z;landmark_14_x;landmark_14_y;landmark_14_z;landmark_23_x;landmark_23_y;landmark_23_z;landmark_24_x;landmark_24_y;landmark_24_z;landmark_25_x;landmark_25_y;landmark_25_z;landmark_26_x;landmark_26_y;landmark_26_z;cara_prom_x;cara_prom_y;cara_prom_z;mano_izquierda_prom_x;mano_izquierda_prom_y;mano_izquierda_prom_z;mano_derecha_prom_x;mano_derecha_prom_y;mano_derecha_prom_z;pie_izquierdo_prom_x;pie_izquierdo_prom_y;pie_izquierdo_prom_z;pie_derecho_prom_x;pie_derecho_prom_y;pie_derecho_prom_z
0.03;0.48933595418930054;0.20437996089458466;-0.2119254469871521;0.524222731590271;0.26554036140441895;-0.08183763921260834;0.4634779095649719;0.2610779106616974;-0.09181970357894897;0.5375043749809265;0.353903204202652;-0.033681850880384445;0.4506347179412842;0.3502524197101593;-0.05806202441453934;0.5107718110084534;0.42990386486053467;0.0030163307674229145;0.47345665097236633;0.43124744296073914;-0.0030721439979970455;0.5081446766853333;0.5514127612113953;-0.06499409675598145;0.47476646304130554;0.5646675229072571;-0.014467333443462849;0.4958346486091614;0.1864152193069458;-0.2135876640677452;0.5584444254636765;0.44619426131248474;-0.11170371808111668;0.4257977083325386;0.4408282935619354;-0.1353029403835535;0.49997567137082416;0.6929600834846497;-0.01531895063817501;0.47712963819503784;0.6953986684481303;0.04712535006304582
0.07;0.48954853415489197;0.2042047530412674;-0.24473276734352112;0.5241281986236572;0.2636096477508545;-0.10444728285074234;0.46397799253463745;0.25919586420059204;-0.10883108526468277;0.5374687910079956;0.3499329686164856;-0.04979928955435753;0.4505946636199951;0.3472033441066742;-0.0654023140668869;0.5107833743095398;0.4265665113925934;0.0014575785025954247;0.47393402457237244;0.42844095826148987;-0.0015200907364487648;0.5083280801773071;0.5501307249069214;-0.00869981199502945;0.47476649284362793;0.5619058012962341;-0.0019851091783493757;0.4958848118782043;0.18638675063848495;-0.2471550315618515;0.5617262572050095;0.4384305253624916;-0.13133016787469387;0.42356135696172714;0.4354393184185028;-0.14692234247922897;0.5009818077087402;0.6921384135882059;0.05357985384762287;0.4771072367827098;0.6949635942776998;0.06267054187871206
0.1;0.48971596360206604;0.20410847663879395;-0.25642338395118713;0.5241273641586304;0.26214516162872314;-0.11790063232183456;0.4641253650188446;0.25854426622390747;-0.11866297572851181;0.539696216583252;0.3450043797492981;-0.06753011047840118;0.44871994853019714;0.346500039100647;-0.07528946548700333;0.5108363032341003;0.4262147545814514;-4.879230255028233e-05;0.4741704761981964;0.4282718896865845;-1.8342851035413332e-05;0.5083850026130676;0.5500063300132751;0.0018784468993544579;0.474879652261734;0.5606920123100281;0.00565699115395546;0.4959131270647049;0.18636217415332795;-0.2586031064391136;0.5693201124668121;0.4336755648255348;-0.1491137519478798;0.41724950075149536;0.43139104545116425;-0.15686118975281715;0.5016625722249349;0.691574235757192;0.06403606485885878;0.4772079586982727;0.6942075689633688;0.0726548566793402
0.13;0.48992830514907837;0.20402581989765167;-0.25254350900650024;0.5241314172744751;0.26091551780700684;-0.1211739182472229;0.46430081129074097;0.25793030858039856;-0.11630526930093765;0.5445834398269653;0.3411756753921509;-0.07648557424545288;0.4457126557826996;0.34530553221702576;-0.07444952428340912;0.5109318494796753;0.42607295513153076;-0.001365586300380528;0.4743770956993103;0.4282659590244293;0.0012977680889889598;0.5083401799201965;0.5509167909622192;0.0032951273024082184;0.47499358654022217;0.5602569580078125;0.007301043253391981;0.4959829360246658;0.18635181933641434;-0.25474368780851364;0.575646162033081;0.4246373623609543;-0.1614903137087822;0.4103299006819725;0.42906714230775833;-0.15664996951818466;0.5018080274264017;0.6912790735562643;0.07103113799045484;0.47729642192522687;0.6934062639872233;0.07827086995045344
0.17;0.4905690550804138;0.20383945107460022;-0.2463470697402954;0.5245566964149475;0.2604242265224457;-0.118852399289608;0.46488311886787415;0.25731950998306274;-0.11159974336624146;0.5489903092384338;0.3370073735713959;-0.07530561089515686;0.44293704628944397;0.3417988717556;-0.07158718258142471;0.5112460851669312;0.42503097653388977;-0.0032966258004307747;0.4747077226638794;0.4273501932621002;0.0032356823794543743;0.5083187818527222;0.5510299801826477;-0.0033801838289946318;0.4749937355518341;0.5590744614601135;0.0068836575374007225;0.4962274879217148;0.18626916855573655;-0.24894847869873046;0.5835781544446945;0.4141596555709839;-0.16285168007016182;0.4049850255250931;0.41632404178380966;-0.1536356657743454;0.5019999742507935;0.6912303566932678;0.0567568598780781;0.4774058560530345;0.6932000319163004;0.07125439681112766
0.2;0.4913593530654907;0.20356540381908417;-0.25430622696876526;0.525223433971405;0.26011982560157776;-0.1267148107290268;0.4650988280773163;0.2567773759365082;-0.1193910613656044;0.5543676614761353;0.33416762948036194;-0.08915230631828308;0.43828415870666504;0.33761027455329895;-0.0846196860074997;0.5120561718940735;0.4243384599685669;-0.003567146835848689;0.47521892189979553;0.4266592264175415;0.0035060890950262547;0.5082852840423584;0.5509250164031982;0.004593907855451107;0.475012868642807;0.5582787990570068;0.011121485382318497;0.4965058624744415;0.18609509319067002;-0.2569424495100975;0.5932201445102692;0.40743864327669144;-0.17714156955480576;0.3949737399816513;0.40615829080343246;-0.1719466857612133;0.5022861262162527;0.6909504731496176;0.06930289355417092;0.4775017201900482;0.6932257016499838;0.0759243027617534
0.23;0.4917786419391632;0.2031635344028473;-0.18758158385753632;0.5255295634269714;0.2585170865058899;-0.08019668608903885;0.46515583992004395;0.25618693232536316;-0.05772263556718826;0.5576040744781494;0.32394224405288696;-0.061227984726428986;0.43550512194633484;0.32908108830451965;-0.019939769059419632;0.5124093294143677;0.4242636263370514;-0.005170064512640238;0.4757446050643921;0.42640191316604614;0.005149402655661106;0.5082830190658569;0.5511600375175476;0.00032548862509429455;0.47501444816589355;0.5572773218154907;0.010742091573774815;0.4967177987098694;0.18571542650461198;-0.1900088295340538;0.5937367677688599;0.3826131746172905;-0.1593063920736313;0.38996195793151855;0.3891357406973839;-0.1019296944141388;0.5025931894779205;0.6908231576283773;0.057236291361429416;0.4775833785533905;0.693427046140035;0.07281242590397596
0.27;0.4921298027038574;0.20282402634620667;-0.1990581750869751;0.5262448787689209;0.2574578523635864;-0.08717566728591919;0.4651496112346649;0.2551151216030121;-0.07171393930912018;0.5623148679733276;0.31811287999153137;-0.06437747180461884;0.43132561445236206;0.3209684193134308;-0.03858831524848938;0.5127379298210144;0.42422613501548767;-0.00549872312694788;0.4760637581348419;0.42604580521583557;0.0054941363632678986;0.5082840919494629;0.551116943359375;0.0022838886361569166;0.47501522302627563;0.5563719868659973;0.011799396015703678;0.4968967795372009;0.18533868342638016;-0.20220825970172882;0.6045357882976532;0.3692200481891632;-0.16525981202721596;0.38227633386850357;0.37122975289821625;-0.12208609282970428;0.5026586552460989;0.6907703876495361;0.05715825750182072;0.4776644806067149;0.6938093105951945;0.07153254561126232
0.3;0.49227192997932434;0.20239302515983582;-0.15657910704612732;0.5267578959465027;0.2557774782180786;-0.05652880296111107;0.4651299715042114;0.2544351816177368;-0.03676532581448555;0.5634205341339111;0.31163233518600464;-0.04661616310477257;0.4287051856517792;0.31374433636665344;-0.010007047094404697;0.5131149888038635;0.4237125515937805;-0.00640465272590518;0.4764411449432373;0.4258789122104645;0.006428803317248821;0.5083168745040894;0.550599992275238;-0.00011683125921990722;0.4750154912471771;0.5560635924339294;0.011378096416592598;0.49698983132839203;0.18487088829278947;-0.15848509818315507;0.6056727170944214;0.3506070375442505;-0.1608838513493538;0.38024958968162537;0.3550289571285248;-0.09089805744588375;0.5026284058888754;0.6904906431833903;0.05481786323556056;0.4776678482691447;0.6939412951469421;0.06687868076066177
0.33;0.4923846125602722;0.20185400545597076;-0.11212161183357239;0.5271967053413391;0.2549353539943695;-0.015508366748690605;0.4651223421096802;0.25366634130477905;0.0024267600383609533;0.565319299697876;0.30499017238616943;-0.005208504851907492;0.4279541075229645;0.3056139647960663;0.024594606831669807;0.5132462978363037;0.423589825630188;-0.007511980831623077;0.47662100195884705;0.4258762001991272;0.007574091665446758;0.5083184242248535;0.5510638952255249;-0.005014435388147831;0.4750075042247772;0.5561589002609253;0.009644739329814911;0.4970788210630417;0.18427794873714448;-0.11178043819963931;0.608447328209877;0.3386296033859253;-0.1018868163228035;0.3796932026743889;0.3404139131307602;-0.06086925882846117;0.5025131702423096;0.6907156507174174;0.05162843347837528;0.47762535015741986;0.6940621932347616;0.06391279088954131
0.37;0.492397278547287;0.2011195868253708;-0.10216790437698364;0.5276573300361633;0.2535499334335327;-0.008689172565937042;0.46511897444725037;0.25286585092544556;0.01278464961796999;0.5661811828613281;0.2982662618160248;-0.0011627451749518514;0.4267813563346863;0.30198991298675537;0.036391835659742355;0.5135141015052795;0.42356741428375244;-0.008712274953722954;0.4768999516963959;0.4258977472782135;0.008795207366347313;0.5083225965499878;0.5512989163398743;-0.007000625599175692;0.47498810291290283;0.5562642812728882;0.009578282944858074;0.4971077531576157;0.1835641473531723;-0.10214127264916897;0.6091242134571075;0.32661016285419464;-0.09305396676063538;0.3771582767367363;0.32648662477731705;-0.044365289621055126;0.5024612247943878;0.6907868385314941;0.05283152785462638;0.4775629937648773;0.6940513253211975;0.06623401958495378
0.4;0.4924485683441162;0.2004864513874054;-0.10714205354452133;0.5280790328979492;0.2529134154319763;-0.011172957718372345;0.4651346504688263;0.25188854336738586;0.005980496294796467;0.5687616467475891;0.2940637767314911;-0.0008469918975606561;0.4262973964214325;0.29703855514526367;0.023766497150063515;0.5137359499931335;0.42323607206344604;-0.009255502372980118;0.47715383768081665;0.4258010983467102;0.009330700151622295;0.5083204507827759;0.5519345998764038;-0.006272502709180117;0.47496384382247925;0.5563041567802429;0.012382007203996181;0.49715099334716795;0.182836052775383;-0.10656199604272842;0.6161788105964661;0.3222135975956917;-0.09191666357219219;0.3771301954984665;0.3176768645644188;-0.06689680833369493;0.5023462375005087;0.6917311946551005;0.054744443646389605;0.47744083404541016;0.6941762169202169;0.0691655312354366
0.43;0.4924405515193939;0.19973023235797882;-0.105255126953125;0.528563380241394;0.25227439403533936;-0.010401849634945393;0.46520477533340454;0.25090375542640686;0.007092370186001062;0.5702537894248962;0.29355987906455994;-0.004708188120275736;0.42667168378829956;0.29167377948760986;0.010897311381995678;0.5137457847595215;0.4231199026107788;-0.009494449011981487;0.4771614074707031;0.4258156716823578;0.009557334706187248;0.508211076259613;0.5521339774131775;-0.007331752683967352;0.4749290943145752;0.5569590926170349;0.01256043091416359;0.49717476069927213;0.18193911164999008;-0.10484245866537094;0.6173456758260727;0.32209087163209915;-0.10040470026433468;0.37800299376249313;0.31080683320760727;-0.08835505694150925;0.5022410651048025;0.6921863953272501;0.05850659574692448;0.4774211843808492;0.6942754785219828;0.07415600741902988
0.47;0.49242013692855835;0.19922474026679993;-0.10591044276952744;0.5287870168685913;0.2514421343803406;-0.011012749746441841;0.4652838706970215;0.2500130832195282;0.008440333418548107;0.5712348818778992;0.29355230927467346;-0.005553843453526497;0.42665138840675354;0.288096159696579;0.01751912198960781;0.5137125849723816;0.4230508506298065;-0.00974093098193407;0.47711998224258423;0.4257600009441376;0.009786738082766533;0.508047342300415;0.5523540377616882;-0.008239338174462318;0.4748479723930359;0.5578365325927734;0.011989039368927479;0.4971747100353241;0.18144807517528533;-0.10605530925095082;0.6193604469299316;0.3225698918104172;-0.10309412330389023;0.3779903054237366;0.3050888627767563;-0.08663985505700111;0.5020758310953776;0.692347784837087;0.058654931296284;0.4773465593655904;0.6946553389231364;0.07509334820012252
0.5;0.4923643469810486;0.19836848974227905;-0.11297712475061417;0.5291407108306885;0.2511367201805115;-0.01415052730590105;0.4653782248497009;0.24906690418720245;0.0014690544921904802;0.571550726890564;0.2936953604221344;-0.008324735797941685;0.4271550476551056;0.286266952753067;0.008557829074561596;0.5130652189254761;0.4227946400642395;-0.009697784669697285;0.4765498638153076;0.42512786388397217;0.009754732251167297;0.5074100494384766;0.5523526072502136;-0.008322400040924549;0.47455811500549316;0.5578670501708984;0.010878174565732479;0.4971309542655945;0.18064690381288528;-0.1132107574492693;0.62090964615345;0.32321058213710785;-0.10808674618601799;0.3791564106941223;0.3026639074087143;-0.1004452146589756;0.5020228425661722;0.6924246350924174;0.05853555242841443;0.4772214392820994;0.6947886347770691;0.07360855055352052
0.53;0.49141818284988403;0.19831034541130066;-0.12177620828151703;0.5293519496917725;0.2512238621711731;-0.023804115131497383;0.46542203426361084;0.24852439761161804;-0.00040304590947926044;0.5722648501396179;0.29410284757614136;-0.010943545028567314;0.427709698677063;0.2855308949947357;0.027467358857393265;0.512005627155304;0.4220133423805237;-0.009438722394406796;0.4754420220851898;0.4243030846118927;0.009478079155087471;0.5068857669830322;0.5524166822433472;-0.01126943901181221;0.47395187616348267;0.5578805208206177;0.009899650700390339;0.49644279181957246;0.18057263493537903;-0.1226670678704977;0.6225733608007431;0.32448969036340714;-0.11515668034553528;0.3798512667417526;0.3008798211812973;-0.060354375280439854;0.5018607576688131;0.6925447185834249;0.05744871817781435;0.47700368364651996;0.6948348085085551;0.07311366839955251
0.57;0.4895785450935364;0.19834893941879272;-0.1666213572025299;0.5293439030647278;0.25138047337532043;-0.07321709394454956;0.46542221307754517;0.24813927710056305;-0.03211688622832298;0.5725255012512207;0.2949146628379822;-0.07133177667856216;0.427823543548584;0.2846466898918152;0.02521207556128502;0.510956883430481;0.42054226994514465;-0.01075533963739872;0.4741855561733246;0.42232176661491394;0.010791332460939884;0.506258487701416;0.5524100065231323;-0.014944266527891159;0.47275540232658386;0.5572461485862732;0.011014819145202637;0.4949299395084381;0.18062998354434967;-0.17192412689328193;0.6244661509990692;0.32660020887851715;-0.18278484046459198;0.3801048621535301;0.3000313639640808;-0.07482044864445925;0.5017212629318237;0.6925680041313171;0.04769047535955906;0.47681576013565063;0.6947720845540365;0.07333777441332738
0.6;0.48669299483299255;0.19830584526062012;-0.1612924039363861;0.529240071773529;0.25147387385368347;-0.09094139188528061;0.4654407501220703;0.24778255820274353;-0.02186662331223488;0.5720968842506409;0.2956577241420746;-0.10290452837944031;0.42968955636024475;0.28331953287124634;0.0725981593132019;0.5098698735237122;0.4195508062839508;-0.018109681084752083;0.47286033630371094;0.42051392793655396;0.018193354830145836;0.5056240558624268;0.5514612197875977;-0.01737561821937561;0.47148290276527405;0.555462658405304;0.01851893961429596;0.49255857467651365;0.18062471300363542;-0.16869430840015412;0.625300943851471;0.3288774788379669;-0.2168852649629116;0.3846762403845787;0.2977450117468834;0.055589654482901096;0.501562088727951;0.692148745059967;0.03554830327630043;0.4761096239089966;0.6939210494359335;0.07495187160869439
0.63;0.4843788743019104;0.1982889473438263;-0.12359584122896194;0.5285517573356628;0.2514599859714508;-0.07219240069389343;0.4654307961463928;0.24681785702705383;0.03070933185517788;0.5713532567024231;0.2959621846675873;-0.08294592797756195;0.43362483382225037;0.28261318802833557;0.17039673030376434;0.5086310505867004;0.41928309202194214;-0.025864670053124428;0.4718906581401825;0.4193502962589264;0.025958113372325897;0.5047051906585693;0.5514657497406006;-0.02587907202541828;0.46994996070861816;0.5553919076919556;0.027391325682401657;0.4903529196977615;0.1806384339928627;-0.13357208333909512;0.6240511387586594;0.3301142528653145;-0.1829763688147068;0.39174003154039383;0.29435765743255615;0.22862769290804863;0.5018267730871836;0.6920030315717062;0.029880110795299213;0.4737382729848226;0.6933676600456238;0.08023322994510333
0.67;0.48148012161254883;0.19867688417434692;-0.1082826629281044;0.5268656015396118;0.25152885913848877;-0.0817951112985611;0.4656950831413269;0.24616630375385284;0.05452791601419449;0.5702593922615051;0.2966119349002838;-0.09648405760526657;0.4398592412471771;0.2823319435119629;0.22316774725914001;0.5066484212875366;0.4193536043167114;-0.04144185036420822;0.470816045999527;0.41884517669677734;0.04152677208185196;0.5033436417579651;0.5503384470939636;-0.046855680644512177;0.4685439467430115;0.5527765154838562;0.037892840802669525;0.48715477585792544;0.18109436929225922;-0.12077630013227462;0.6220897138118744;0.33097655326128006;-0.17918313667178154;0.4004882797598839;0.2927544042468071;0.32922155410051346;0.5018272201220194;0.6920645833015442;0.005573525403936704;0.4708222647507985;0.691856861114502;0.08538165936867396
0.7;0.47834858298301697;0.19846324622631073;-0.06161535158753395;0.524273693561554;0.25158143043518066;-0.0794270783662796;0.46623075008392334;0.24564573168754578;0.08033113926649094;0.566164493560791;0.29666414856910706;-0.10701630264520645;0.44630855321884155;0.28308114409446716;0.2547566294670105;0.5052590370178223;0.4192958474159241;-0.0467396005988121;0.4700233042240143;0.41789451241493225;0.04680866003036499;0.502324104309082;0.5494052171707153;-0.060056403279304504;0.46785080432891846;0.5508663654327393;0.03630514070391655;0.4836869537830353;0.18102672696113586;-0.07634768474381418;0.6208490580320358;0.3307754248380661;-0.18230967223644257;0.40729737281799316;0.2921336814761162;0.382350318133831;0.5018300513426462;0.6913681030273438;-0.02409831581947704;0.46881328026453656;0.6900357206662496;0.07139911688864231
0.73;0.4759174883365631;0.1984211504459381;-0.06205711141228676;0.5198609828948975;0.25161534547805786;-0.08573010563850403;0.4671124219894409;0.24476295709609985;0.0928068682551384;0.5596528053283691;0.2970038950443268;-0.11942745745182037;0.4513794481754303;0.2840375006198883;0.28947967290878296;0.5028916597366333;0.41960951685905457;-0.05343471094965935;0.46912699937820435;0.4180731177330017;0.05352895334362984;0.500704288482666;0.5503402948379517;-0.07084541767835617;0.4668295085430145;0.5509210228919983;0.04042252153158188;0.48115246593952177;0.1809350937604904;-0.07719198050908745;0.613736167550087;0.33111872524023056;-0.19471820816397667;0.4138156995177269;0.2920779064297676;0.44885554909706116;0.5007434288660685;0.6916771133740743;-0.03161527092258135;0.46646617849667865;0.6890694896380106;0.06701917201280594
0.77;0.4733698070049286;0.19827012717723846;-0.059605684131383896;0.5147497057914734;0.2513624429702759;-0.08329659700393677;0.4680512249469757;0.24246351420879364;0.1070251539349556;0.5527113676071167;0.297224223613739;-0.10852066427469254;0.45852819085121155;0.284789502620697;0.33946868777275085;0.500354528427124;0.419625461101532;-0.0560627207159996;0.4680168926715851;0.41817256808280945;0.056127700954675674;0.49985626339912415;0.5516631603240967;-0.07147222012281418;0.4660904109477997;0.5505018830299377;0.04550869017839432;0.47909689247608184;0.18070264160633087;-0.0740449964767322;0.6025857180356979;0.33064932376146317;-0.18352755159139633;0.42505333572626114;0.2916792780160904;0.5528920441865921;0.4998127619425456;0.6925147573153178;-0.027153699193149805;0.465546856323878;0.689797580242157;0.07245971138278644
0.8;0.46957144141197205;0.19661138951778412;-0.08361810445785522;0.5089067816734314;0.2506934702396393;-0.1045587882399559;0.46796590089797974;0.24131424725055695;0.08701220154762268;0.545699954032898;0.2971990704536438;-0.14897724986076355;0.4634411334991455;0.2854918837547302;0.32987159490585327;0.49803489446640015;0.41964614391326904;-0.056390658020973206;0.4660850763320923;0.41870084404945374;0.05637379363179207;0.49897143244743347;0.551939070224762;-0.06221110001206398;0.46426165103912354;0.5507146120071411;0.056008096784353256;0.4759542763233185;0.17964114844799042;-0.09481929559260607;0.5919650942087173;0.3305594399571419;-0.23168563842773438;0.4343113601207733;0.29177333414554596;0.5673535913228989;0.49969663222630817;0.6929987072944641;-0.0167755817140763;0.4653286536534627;0.6909285386403402;0.0929111974934737
0.83;0.4658745229244232;0.19501963257789612;-0.0782073587179184;0.5024049878120422;0.25000718235969543;-0.11992500722408295;0.4683555066585541;0.24087347090244293;0.09798091650009155;0.5356509685516357;0.29576247930526733;-0.22231292724609375;0.46610161662101746;0.2863661050796509;0.33361539244651794;0.49382779002189636;0.4195258319377899;-0.06202351674437523;0.4644571840763092;0.41874435544013977;0.06189538538455963;0.49709948897361755;0.5519653558731079;-0.07691023498773575;0.4625748097896576;0.5517905354499817;0.05906783789396286;0.47227532863616944;0.17866128087043762;-0.09360711285844445;0.5784720033407211;0.32783039659261703;-0.3563917353749275;0.4453061744570732;0.2918730825185776;0.570754736661911;0.5000558098157247;0.6947606007258097;-0.05312185610334078;0.46380072832107544;0.6932388345400492;0.088947677363952
0.87;0.4633601903915405;0.19514499604701996;-0.08135684579610825;0.49863123893737793;0.25005480647087097;-0.12892864644527435;0.4699954390525818;0.24101127684116364;0.09951423853635788;0.5277641415596008;0.29412949085235596;-0.26970604062080383;0.4749593138694763;0.2935599982738495;0.28027287125587463;0.491213321685791;0.4210067093372345;-0.0684746578335762;0.4646390378475189;0.4209797978401184;0.06828325986862183;0.49463170766830444;0.5530980229377747;-0.07862884551286697;0.4622745215892792;0.5532304048538208;0.0662355124950409;0.46941391825675965;0.1787297546863556;-0.09656299543567001;0.5635870546102524;0.32779333740472794;-0.4457364082336426;0.4774247705936432;0.3457335755228996;0.44846028834581375;0.49911758303642273;0.6980882883071899;-0.06741022194425265;0.46419354279836017;0.6949171423912048;0.099510058760643
0.9;0.4600556492805481;0.19548611342906952;-0.04365236312150955;0.4950110912322998;0.25009292364120483;-0.11375739425420761;0.47002214193344116;0.2434188574552536;0.1126151904463768;0.5191120505332947;0.29067569971084595;-0.2538391649723053;0.47333255410194397;0.3095923364162445;0.25252312421798706;0.4877707362174988;0.4221639335155487;-0.07169727981090546;0.46426165103912354;0.42235204577445984;0.07161235809326172;0.48985812067985535;0.5541055202484131;-0.08704892545938492;0.4612061381340027;0.5534970164299011;0.06877676397562027;0.46625386774539945;0.17910431921482087;-0.06134065538644791;0.545538529753685;0.3251052722334862;-0.42052171379327774;0.4856957644224167;0.3811168149113655;0.3038215637207031;0.49895819028218585;0.6989836692810059;-0.09116962055365245;0.4640989601612091;0.69468754529953;0.09743626415729523
0.93;0.4574723541736603;0.19571010768413544;-0.0452338270843029;0.48718228936195374;0.2481650859117508;-0.13170333206653595;0.4698798954486847;0.24631744623184204;0.1178094670176506;0.5023115277290344;0.2804948091506958;-0.3052440285682678;0.4709339439868927;0.3080042004585266;0.2642480432987213;0.4827626049518585;0.4232901334762573;-0.0794452428817749;0.46372371912002563;0.423923134803772;0.0793246328830719;0.4816112816333771;0.5565774440765381;-0.09166945517063141;0.4604257047176361;0.5551024675369263;0.0921267569065094;0.4636376202106476;0.17949746251106263;-0.06399157661944628;0.5245034694671631;0.3154447004199028;-0.5014519393444061;0.47829509526491165;0.3713940531015396;0.37772397696971893;0.49922798077265423;0.699395497639974;-0.10337331642707188;0.46430811285972595;0.6945228179295858;0.1312339132030805
0.97;0.454561710357666;0.19620871543884277;-0.017141856253147125;0.4824226200580597;0.24628059566020966;-0.1326596736907959;0.4697364866733551;0.24720582365989685;0.13081352412700653;0.491733580827713;0.27877330780029297;-0.3088885545730591;0.4674690067768097;0.311083048582077;0.26874256134033203;0.4773574471473694;0.42401108145713806;-0.08333448320627213;0.4634183347225189;0.4245580732822418;0.08324450254440308;0.47044166922569275;0.5564946532249451;-0.08819844573736191;0.4603850543498993;0.5544300675392151;0.08274809271097183;0.4600815325975418;0.18020866364240645;-0.038225239142775536;0.5008166059851646;0.3116902559995651;-0.4941466972231865;0.46872737258672714;0.36969198286533356;0.3777305632829666;0.4949670235315959;0.6975580453872681;-0.09598947564760844;0.46639930208524066;0.6900754372278849;0.12162188440561295
1.0;0.45254459977149963;0.19688397645950317;0.032381344586610794;0.4784608781337738;0.24498234689235687;-0.12092936038970947;0.47027742862701416;0.24716714024543762;0.1520967334508896;0.4846382141113281;0.27753904461860657;-0.2823783755302429;0.46921297907829285;0.30864229798316956;0.28082695603370667;0.473476380109787;0.42272239923477173;-0.08553384244441986;0.4637516438961029;0.42303335666656494;0.08546540141105652;0.4632241725921631;0.5565977692604065;-0.09116421639919281;0.46057194471359253;0.5539236664772034;0.0815710574388504;0.45738680362701417;0.18034463971853257;0.009504812041996047;0.4895419105887413;0.31092360615730286;-0.44336798042058945;0.47608524560928345;0.35835442692041397;0.3943036273121834;0.4921964903672536;0.6919735868771871;-0.10248898218075435;0.46744311849276227;0.6869053244590759;0.09498143444458644
1.03;0.4509192407131195;0.19844140112400055;0.04126748815178871;0.47404995560646057;0.242243692278862;-0.11776546388864517;0.47317948937416077;0.2459074854850769;0.14238886535167694;0.47493046522140503;0.2790752649307251;-0.1662675440311432;0.47647497057914734;0.30761727690696716;0.19704462587833405;0.4711036682128906;0.4222155809402466;-0.08294230699539185;0.46549904346466064;0.42051246762275696;0.08290503919124603;0.45327138900756836;0.5560933351516724;-0.08812311291694641;0.4577557444572449;0.5502141714096069;0.08315509557723999;0.45444747507572175;0.18075297623872758;0.015648160269483923;0.467438705265522;0.3144225627183914;-0.13364744931459427;0.472214974462986;0.3506559357047081;0.1894850842654705;0.481853445370992;0.6904269258181254;-0.09180433303117752;0.4681075115998586;0.6818598707516988;0.0897015929222107
1.07;0.44922566413879395;0.19845788180828094;0.04480305314064026;0.47193434834480286;0.24255500733852386;-0.11014050990343094;0.47648850083351135;0.24493379890918732;0.14635182917118073;0.47005772590637207;0.28930604457855225;-0.2600424885749817;0.49460092186927795;0.30139485001564026;0.2765023112297058;0.4676397740840912;0.42178308963775635;-0.08409812301397324;0.46586278080940247;0.41751667857170105;0.08381019532680511;0.44418928027153015;0.554622232913971;-0.08869041502475739;0.4560481309890747;0.5463316440582275;0.07740908861160278;0.45305887460708616;0.18061652928590774;0.022252696100622416;0.45107388496398926;0.31944087892770767;-0.4044465869665146;0.5260381102561951;0.3176024779677391;0.4245518520474434;0.4688614408175151;0.689711848894755;-0.08676875879367192;0.46900418400764465;0.6765745679537455;0.09118696302175522
1.1;0.44832658767700195;0.19860847294330597;0.05033094808459282;0.46616294980049133;0.24287809431552887;-0.11231496930122375;0.480320543050766;0.24502640962600708;0.14643453061580658;0.45905378460884094;0.29187193512916565;-0.2990233898162842;0.5019344687461853;0.2991397976875305;0.2990712821483612;0.4626135528087616;0.4221426546573639;-0.08513889461755753;0.4670923948287964;0.417202353477478;0.08479512482881546;0.43562841415405273;0.5483137369155884;-0.10196079313755035;0.45552578568458557;0.5412758588790894;0.06935002654790878;0.4517059773206711;0.18062495589256286;0.027668424136936664;0.4331256151199341;0.31913159787654877;-0.47560515999794006;0.5403377860784531;0.31619222462177277;0.4613131955265999;0.46051761507987976;0.6892938017845154;-0.11557909349600475;0.4680076837539673;0.6751452485720316;0.07587371642390887
1.13;0.44750750064849854;0.1989012509584427;0.04839978739619255;0.46150586009025574;0.2423482984304428;-0.10985875874757767;0.4833972454071045;0.24682684242725372;0.1411578208208084;0.4460837244987488;0.29175737500190735;-0.29008349776268005;0.5069535970687866;0.29794082045555115;0.2926005721092224;0.45797932147979736;0.4183344542980194;-0.08124241977930069;0.46790701150894165;0.4152427613735199;0.08098278939723969;0.43072372674942017;0.544881284236908;-0.1009531319141388;0.4569803774356842;0.5412691235542297;0.046890389174222946;0.4508001506328583;0.18075399696826935;0.025992711633443834;0.406658872961998;0.3172965422272682;-0.4551260471343994;0.5453359186649323;0.31749382615089417;0.45696425437927246;0.45027559995651245;0.6894054810206095;-0.12092243880033493;0.4660172462463379;0.6786978840827942;0.034217946541806064
1.17;0.44708317518234253;0.19963987171649933;0.03229476884007454;0.45509853959083557;0.24255149066448212;-0.11290698498487473;0.4826774001121521;0.24737772345542908;0.10900454968214035;0.4301392436027527;0.2886251211166382;-0.29089826345443726;0.5132590532302856;0.29727157950401306;0.27854275703430176;0.45397478342056274;0.41702011227607727;-0.07966188341379166;0.467887818813324;0.4152068495750427;0.07910370081663132;0.43240422010421753;0.5418514013290405;-0.07434725016355515;0.4567633867263794;0.5400622487068176;0.04884307458996773;0.4496414542198181;0.18153127431869506;0.01263288859045133;0.38767918199300766;0.3128926753997803;-0.44636090844869614;0.5561078786849976;0.3173200935125351;0.4445527121424675;0.4398033718268077;0.6856032212575277;-0.07165776068965594;0.46017738183339435;0.6791215737660726;0.04836878118415674
1.2;0.4487597942352295;0.1996345818042755;0.04109763354063034;0.44443410634994507;0.2431073635816574;-0.10860086232423782;0.4833278954029083;0.2501669228076935;0.08092217892408371;0.4136517643928528;0.2867916524410248;-0.2626594603061676;0.5154086947441101;0.2951914370059967;0.21909412741661072;0.44788211584091187;0.4171367883682251;-0.06619972735643387;0.46834251284599304;0.4178685247898102;0.06572852283716202;0.42944151163101196;0.5409194827079773;-0.05326034128665924;0.4572429358959198;0.542073667049408;0.06918662041425705;0.4501340925693512;0.18160734623670577;0.021826154738664626;0.3685922622680664;0.30892983824014664;-0.3874407038092613;0.5597331672906876;0.31385303288698196;0.39941079169511795;0.42127488056818646;0.6845236023267111;-0.049570076167583466;0.46034806966781616;0.6808136701583862;0.06272516151269276
1.23;0.4510643184185028;0.199476420879364;0.09140890091657639;0.43714025616645813;0.2435695081949234;-0.059017859399318695;0.483453631401062;0.25563910603523254;0.057865291833877563;0.40129899978637695;0.28486254811286926;-0.12262804061174393;0.5206038355827332;0.2952669560909271;0.11693626642227173;0.4442112445831299;0.4173857867717743;-0.042946670204401016;0.46820518374443054;0.4199523627758026;0.042655013501644135;0.4288357198238373;0.5417910218238831;-0.033388108015060425;0.4575243592262268;0.552512526512146;0.06880068778991699;0.45150400698184967;0.1815929889678955;0.07651126496493817;0.3527579829096794;0.30538439750671387;-0.17607374116778374;0.5674460530281067;0.3121873363852501;0.18203509598970413;0.41116297245025635;0.6856095194816589;-0.02023417114590605;0.45955462257067364;0.6851470867792765;0.06694120665391286
1.27;0.45297771692276;0.19947248697280884;0.11276926100254059;0.4312782883644104;0.24451370537281036;-0.0117217767983675;0.48294708132743835;0.256538063287735;0.03223691135644913;0.390636682510376;0.2819444537162781;-0.0607413649559021;0.5237436890602112;0.29536330699920654;0.034915562719106674;0.4405812919139862;0.41754022240638733;-0.013965019956231117;0.46676868200302124;0.42040950059890747;0.013713988475501537;0.4262668788433075;0.5419460535049438;0.008428574539721012;0.458986759185791;0.5545538663864136;0.038949061185121536;0.4521492779254913;0.18181209713220597;0.100808310136199;0.3373871371150017;0.301275372505188;-0.10432585701346397;0.5760454833507538;0.3099387660622597;0.039165020920336246;0.40537723898887634;0.6857471466064453;0.04221766255795956;0.46065496404965717;0.6882235209147135;0.06269022698203723
1.3;0.45332852005958557;0.20026488602161407;0.10432618856430054;0.4266522526741028;0.24531501531600952;-0.00647135591134429;0.4825368821620941;0.25629016757011414;-0.00014223319885786623;0.38255780935287476;0.27765950560569763;-0.04350471496582031;0.5223025679588318;0.2945866286754608;-0.0031778388656675816;0.44146713614463806;0.41762298345565796;0.00286294799298048;0.45811647176742554;0.4203561246395111;-0.0030735242180526257;0.42684608697891235;0.5417572259902954;0.050848618149757385;0.4571758806705475;0.5529582500457764;0.004911137744784355;0.45231263637542723;0.183112433552742;0.09413362182676792;0.32586225122213364;0.2994025871157646;-0.07095137797296047;0.5777263045310974;0.30964896082878113;0.0016370337252737954;0.4072304566701253;0.6847213904062907;0.11648377527793248;0.45980079968770343;0.6879255175590515;0.029072623699903488
1.33;0.4519743323326111;0.20036067068576813;0.1073971763253212;0.42154660820961;0.24574674665927887;-0.020193682983517647;0.4799122214317322;0.25575464963912964;0.01802285946905613;0.3746238350868225;0.27363553643226624;-0.06235445290803909;0.5183256268501282;0.29221010208129883;0.03306140750646591;0.4349234998226166;0.4177000820636749;-0.009134095162153244;0.4579603374004364;0.4199407398700714;0.008920950815081596;0.4206153154373169;0.5418306589126587;0.02089320868253708;0.45810651779174805;0.5531286001205444;0.027609948068857193;0.4500883787870407;0.1833953469991684;0.09472330808639526;0.3157087191939354;0.29039090871810913;-0.08733043260872364;0.5785297304391861;0.30894431471824646;0.06360199395567179;0.4052339394887288;0.6849035620689392;0.06290557608008385;0.4607817927996318;0.6876461704572042;0.04817279366155466
1.37;0.4470532238483429;0.19986043870449066;0.08965882658958435;0.41746458411216736;0.24575349688529968;-0.042505841702222824;0.47794798016548157;0.25542694330215454;0.011302615515887737;0.3679828345775604;0.2705492079257965;-0.08882898092269897;0.5172995924949646;0.2895554006099701;0.01572161167860031;0.43022170662879944;0.41733548045158386;-0.0235114898532629;0.45740532875061035;0.4191739857196808;0.023295683786273003;0.41673797369003296;0.5423547625541687;0.0007109377183951437;0.45858168601989746;0.5529037117958069;0.039343979209661484;0.4459065318107605;0.18322160840034485;0.0753367966040969;0.30872008204460144;0.28757040947675705;-0.11107345297932625;0.5775837302207947;0.30654608458280563;0.024414881132543087;0.40612762173016864;0.6841542522112528;0.047247479359308876;0.46114012598991394;0.6870675086975098;0.07879792526364326
1.4;0.44680270552635193;0.19888924062252045;0.08093444257974625;0.4113902747631073;0.2455710768699646;-0.04007529467344284;0.47452130913734436;0.25529125332832336;-0.024552324786782265;0.3622993528842926;0.2682573199272156;-0.077060267329216;0.5162783265113831;0.28774991631507874;-0.04511154443025589;0.4274462163448334;0.413212388753891;-0.008163557387888432;0.45500895380973816;0.41354790329933167;0.007954771630465984;0.4167405664920807;0.5388660430908203;0.038953717797994614;0.4581449329853058;0.5495854020118713;0.009051920846104622;0.44481316208839417;0.18294793218374253;0.06255578667623922;0.30457349866628647;0.287396676838398;-0.1103619858622551;0.5742594003677368;0.3035120815038681;-0.06257085036486387;0.4090329706668854;0.6806285579999288;0.1046893298625946;0.46103150645891827;0.6865353981653849;0.03255556040676311
1.43;0.4451920986175537;0.1972094178199768;0.07520980387926102;0.4073113203048706;0.24500393867492676;-0.032646793872117996;0.46922409534454346;0.2544275224208832;-0.03140643239021301;0.35938122868537903;0.2676621377468109;-0.06339675188064575;0.5149028897285461;0.28495585918426514;-0.04690159484744072;0.427506685256958;0.4092298150062561;-0.0025524648372083902;0.4515617787837982;0.4083070755004883;0.002359034027904272;0.4171759784221649;0.5367427468299866;0.04504411667585373;0.45558908581733704;0.5444076657295227;-0.008535198867321014;0.44276370108127594;0.1822577401995659;0.058916653878986834;0.3045942187309265;0.28781214356422424;-0.09329046681523323;0.5686444938182831;0.30019572377204895;-0.054000552743673325;0.4100775122642517;0.6773415605227152;0.11079833408196767;0.4585411647955577;0.684790035088857;0.011063534145553907
1.47;0.44260022044181824;0.1952691525220871;0.07964175939559937;0.4039679765701294;0.2443646937608719;-0.009504941292107105;0.46491581201553345;0.251976877450943;-0.019855985417962074;0.35707736015319824;0.2676532566547394;-0.03813459351658821;0.5072166323661804;0.28346535563468933;-0.034138455986976624;0.42715251445770264;0.40427684783935547;0.0027623672503978014;0.44901707768440247;0.4036577343940735;-0.0029466196428984404;0.41746193170547485;0.5323604345321655;0.04372107610106468;0.45272377133369446;0.539781391620636;-0.008180424571037292;0.4399628728628159;0.18101862370967864;0.07099274289794266;0.30400972068309784;0.28721239417791367;-0.0691640367731452;0.5653412938117981;0.2980135753750801;-0.037752329371869564;0.41115474700927734;0.6764063636461893;0.09925415863593419;0.4536491235097249;0.6861956119537354;0.01219648743669192
1.5;0.44125956296920776;0.1937660425901413;0.07692116498947144;0.4022020995616913;0.24348217248916626;0.003827552543953061;0.46069738268852234;0.250223845243454;-0.029669854789972305;0.35732072591781616;0.26756995916366577;-0.020047903060913086;0.49857568740844727;0.28180134296417236;-0.039019592106342316;0.4273974597454071;0.40144482254981995;0.014999865554273129;0.44583410024642944;0.4019184410572052;-0.015214674174785614;0.4175738990306854;0.5287694334983826;0.04146786406636238;0.4495638608932495;0.5354459881782532;-0.008367598056793213;0.4384478569030762;0.17950961738824844;0.06926756212487817;0.3066382259130478;0.2866054102778435;-0.05845900718122721;0.5582181960344315;0.2965086102485657;-0.027831322979182005;0.41182727615038556;0.6729321082433065;0.08311700448393822;0.45051367084185284;0.6857424775759379;0.015045160427689552
1.53;0.4411166310310364;0.1938662827014923;0.10024716705083847;0.4002995491027832;0.2435065656900406;0.03217973932623863;0.4578789472579956;0.24743038415908813;-0.0116179333999753;0.3582960069179535;0.2681579887866974;0.01617826707661152;0.49313056468963623;0.28182539343833923;-0.020627852529287338;0.4218359887599945;0.40224048495292664;0.018548719584941864;0.44717881083488464;0.4030815064907074;-0.018834954127669334;0.41430172324180603;0.5303928852081299;0.05260380357503891;0.4495980739593506;0.5365516543388367;-0.006416526157408953;0.43775416910648346;0.17924028486013413;0.09459878746420144;0.3113274499773979;0.2839829847216606;-0.01492553052958101;0.5480019897222519;0.292755588889122;-0.008070018026046455;0.4097202916940053;0.6748752395311991;0.09219241142272949;0.45073214173316956;0.6840344071388245;0.012278499081730843
1.57;0.44077107310295105;0.19399888813495636;0.10648979246616364;0.39875397086143494;0.2435295730829239;0.04931282624602318;0.45589950680732727;0.24576644599437714;-0.01025338750332594;0.3602733910083771;0.26849424839019775;0.05339733883738518;0.4849015772342682;0.2796994149684906;-0.04269014671444893;0.4166649580001831;0.4075447916984558;0.026596110314130783;0.4483678340911865;0.4076582193374634;-0.0269910991191864;0.41233548521995544;0.5309311747550964;0.06230460852384567;0.44969797134399414;0.5386304259300232;-0.008967258967459202;0.43712383806705474;0.1792197436094284;0.10136513840407133;0.31550946831703186;0.28445684909820557;0.04900380503386259;0.5368319153785706;0.2900104969739914;-0.058859145268797874;0.40951186418533325;0.6755191683769226;0.09542493025461833;0.4508546789487203;0.6870673298835754;-0.003720950956145922
1.6;0.4411463737487793;0.193087637424469;0.11112542450428009;0.39967480301856995;0.2419041097164154;0.07232919335365295;0.4515724182128906;0.2417137175798416;-0.01687224954366684;0.3638162910938263;0.26829904317855835;0.08416339010000229;0.4776599407196045;0.2784430682659149;-0.07366961240768433;0.41536542773246765;0.4078076183795929;0.03908926248550415;0.4459795653820038;0.4080654978752136;-0.03947392851114273;0.4137789309024811;0.5324181914329529;0.06267163902521133;0.4467555582523346;0.5392866730690002;-0.03876492753624916;0.4373075693845749;0.17781692743301392;0.10811198987066746;0.32039888948202133;0.2838077023625374;0.08351314254105091;0.526478499174118;0.2880084067583084;-0.11851060763001442;0.41072434186935425;0.6760090986887614;0.08612239857514699;0.44432392716407776;0.6880490978558859;-0.0605028842886289
1.63;0.44161611795425415;0.19239571690559387;0.06224735453724861;0.40317487716674805;0.23898117244243622;0.07741352170705795;0.443456768989563;0.23935741186141968;-0.05458996817469597;0.36718833446502686;0.26745113730430603;0.12878061830997467;0.4678134322166443;0.2761317789554596;-0.17067773640155792;0.4191282093524933;0.4060785472393036;0.051084622740745544;0.4368884265422821;0.40727582573890686;-0.051396049559116364;0.41452252864837646;0.5345507860183716;0.06032384932041168;0.44270059466362;0.5396683216094971;-0.06109312176704407;0.4378799557685852;0.17696295082569122;0.06443038773722946;0.32714154571294785;0.28275078535079956;0.18474106118083;0.5143802762031555;0.2829296439886093;-0.3065485209226608;0.41358330845832825;0.6786545117696127;0.08136460681756337;0.43999306360880536;0.6893282731374105;-0.08744696776072185
1.67;0.4417494535446167;0.19137448072433472;0.02047380432486534;0.40461957454681396;0.23619665205478668;0.0920807495713234;0.4446987211704254;0.23598125576972961;-0.10427144169807434;0.3770585358142853;0.2659894526004791;0.22171521186828613;0.45907068252563477;0.27390167117118835;-0.2626637816429138;0.4133783280849457;0.40641650557518005;0.06955305486917496;0.43760019540786743;0.4075176417827606;-0.06982289254665375;0.41201040148735046;0.5349518060684204;0.09743793308734894;0.44457241892814636;0.5402260422706604;-0.08996017277240753;0.43855321407318115;0.17558037042617797;0.02658823747187853;0.3443402051925659;0.27852214127779007;0.37525635212659836;0.5010501891374588;0.27836935222148895;-0.44353899359703064;0.4126783510049184;0.6790159543355306;0.1250201736887296;0.4378923873106639;0.689831813176473;-0.11639649172623952
1.7;0.4453139007091522;0.19120445847511292;-0.011695201508700848;0.40535661578178406;0.23239228129386902;0.10367721319198608;0.44289907813072205;0.23217318952083588;-0.11735863238573074;0.38828474283218384;0.26551446318626404;0.25902727246284485;0.4526306390762329;0.2743062376976013;-0.2846201956272125;0.4114905595779419;0.4052653908729553;0.07485711574554443;0.43560725450515747;0.4068114459514618;-0.07509499788284302;0.41131851077079773;0.535248339176178;0.11535026133060455;0.44481295347213745;0.5411747097969055;-0.09298496693372726;0.442768532037735;0.1750061184167862;-0.0024325960548594594;0.35251933336257935;0.27693966031074524;0.44628696888685226;0.48749691247940063;0.2725769206881523;-0.46619199216365814;0.4146721661090851;0.6780341068903605;0.15801932911078134;0.4350624183813731;0.6903121471405029;-0.10393694043159485
1.73;0.4463866651058197;0.19106633961200714;-0.015364892780780792;0.40910667181015015;0.22997929155826569;0.10627559572458267;0.4364507794380188;0.22555488348007202;-0.12794563174247742;0.3903972804546356;0.2734892964363098;0.25544223189353943;0.4416145384311676;0.2726106643676758;-0.31023794412612915;0.4109714925289154;0.4058276116847992;0.07772248983383179;0.4318675696849823;0.4076266288757324;-0.07792314141988754;0.4125671982765198;0.5400715470314026;0.11098208278417587;0.44361239671707153;0.545383095741272;-0.0939924344420433;0.444164103269577;0.17469859570264817;-0.006093273952137679;0.355706624686718;0.2805047258734703;0.428190715610981;0.4637424349784851;0.2684008702635765;-0.5141261368989944;0.41674814621607464;0.6796137491861979;0.1521571377913157;0.43202608823776245;0.6930259267489115;-0.09858544170856476
1.77;0.4474959969520569;0.19077374041080475;-0.02828095853328705;0.41839146614074707;0.2297223061323166;0.11908797174692154;0.4319610297679901;0.22642961144447327;-0.1282794177532196;0.4073893427848816;0.2639636695384979;0.29367440938949585;0.4321063458919525;0.26882845163345337;-0.291104257106781;0.41373229026794434;0.4077960252761841;0.0811145007610321;0.4283014237880707;0.40901434421539307;-0.08122040331363678;0.4149347245693207;0.5434974431991577;0.09479804337024689;0.4409000873565674;0.547866940498352;-0.08082927018404007;0.4450166910886765;0.17408457398414612;-0.018358791852369903;0.42300236970186234;0.24841711670160294;0.4805249869823456;0.44867652654647827;0.26547519117593765;-0.4533054381608963;0.418239285548528;0.684537947177887;0.12671750287214914;0.428727388381958;0.6974138220151266;-0.08031712472438812
1.8;0.44745689630508423;0.19084757566452026;-0.04014583304524422;0.4280524253845215;0.23059101402759552;0.10828448832035065;0.42418238520622253;0.22854124009609222;-0.12399021536111832;0.4230663776397705;0.23035264015197754;0.23890912532806396;0.42551302909851074;0.2700710594654083;-0.26256731152534485;0.41830429434776306;0.4100603461265564;0.07870598882436752;0.42459312081336975;0.4103844463825226;-0.07876265048980713;0.41936370730400085;0.5462666749954224;0.08648483455181122;0.436469167470932;0.5517731308937073;-0.07458212971687317;0.44477762579917907;0.17403918951749803;-0.030451701302081347;0.4329795017838478;0.2270895093679428;0.37552566826343536;0.43662717193365097;0.2618807926774025;-0.38771989941596985;0.41848088304201764;0.6845420996348063;0.12151705970366795;0.4261019428571065;0.7010245323181152;-0.07366721580425899
1.83;0.44744858145713806;0.1908118724822998;-0.0307597853243351;0.4302912950515747;0.23088815808296204;0.12040475010871887;0.4257587194442749;0.2293630987405777;-0.12181016802787781;0.4210340678691864;0.2410600185394287;0.25479546189308167;0.41917040944099426;0.2709120810031891;-0.27394747734069824;0.4207243025302887;0.4099341928958893;0.07961823791265488;0.4225805699825287;0.4096546471118927;-0.07967058569192886;0.42446407675743103;0.546341061592102;0.08865556865930557;0.431145042181015;0.5522997379302979;-0.0807487741112709;0.44489459693431854;0.1730927675962448;-0.0211957254097797;0.4292174279689789;0.24184667691588402;0.38486330956220627;0.42343489825725555;0.259829081594944;-0.41787027567625046;0.418317844470342;0.6845990220705668;0.11593520889679591;0.423546423514684;0.7032632629076639;-0.08610728631416957
1.87;0.44887492060661316;0.19179114699363708;-0.04088020324707031;0.4289250671863556;0.23161564767360687;0.10895877331495285;0.4267798066139221;0.2300882190465927;-0.15006138384342194;0.416109561920166;0.2448360025882721;0.2786007225513458;0.4137198328971863;0.2714063823223114;-0.32493025064468384;0.4232938885688782;0.413523405790329;0.08019617199897766;0.42252710461616516;0.41286617517471313;-0.08029888570308685;0.4279198944568634;0.5524560809135437;0.0961371436715126;0.4272032082080841;0.557713508605957;-0.07142134755849838;0.44592103362083435;0.17327247709035873;-0.030844079051166772;0.41650162637233734;0.24963663145899773;0.46334295719861984;0.4129411652684212;0.26433370262384415;-0.49722493439912796;0.4192301531632741;0.6869469086329142;0.13304392993450165;0.4225451548894246;0.705462376276652;-0.05900237336754799
1.9;0.45053830742836;0.1922616809606552;-0.03194588050246239;0.42962658405303955;0.23622022569179535;0.11581690609455109;0.4268808662891388;0.23019129037857056;-0.14827677607536316;0.41831132769584656;0.26546305418014526;0.2927318215370178;0.41578420996665955;0.26775258779525757;-0.33805912733078003;0.42541709542274475;0.41337281465530396;0.08114508539438248;0.4219678044319153;0.4128052592277527;-0.08125680685043335;0.4293208718299866;0.5528745055198669;0.0929093211889267;0.4249104857444763;0.5574139952659607;-0.07801802456378937;0.4467877298593521;0.17357344180345535;-0.02228425128851086;0.40850619226694107;0.2516699694097042;0.4736587330698967;0.39412442594766617;0.2593282535672188;-0.5468878000974655;0.42038340369860333;0.6894304156303406;0.1281643956899643;0.42199793457984924;0.7077986598014832;-0.06776890158653259
1.93;0.4504324495792389;0.19239038228988647;-0.06118026375770569;0.4314998984336853;0.23985370993614197;0.10996156185865402;0.4229651689529419;0.23066049814224243;-0.16311955451965332;0.424537718296051;0.27471622824668884;0.2910570204257965;0.4110149145126343;0.26096877455711365;-0.34978601336479187;0.42819589376449585;0.41329115629196167;0.08231088519096375;0.42133206129074097;0.41129544377326965;-0.08243806660175323;0.42925646901130676;0.5536016225814819;0.09750165045261383;0.42511528730392456;0.558589518070221;-0.07563797384500504;0.44669580459594727;0.17367891520261763;-0.05018481006845832;0.4188784956932068;0.2731616050004959;0.455403670668602;0.3766550272703171;0.25333544611930847;-0.5621584504842758;0.42042786876360577;0.6891300678253174;0.1453703319032987;0.4223397572835286;0.7089125514030457;-0.04572006377081076
1.97;0.45021873712539673;0.19456037878990173;-0.09295085817575455;0.43380722403526306;0.24213270843029022;0.09385662525892258;0.41974014043807983;0.2327914834022522;-0.17203034460544586;0.43261027336120605;0.2753423750400543;0.28423407673835754;0.3972119390964508;0.2629207968711853;-0.3492766320705414;0.4301721453666687;0.4156426191329956;0.08089621365070343;0.42212462425231934;0.41382381319999695;-0.08105381578207016;0.4300529956817627;0.5527032613754272;0.11237195134162903;0.4273948669433594;0.5585076212882996;-0.07203316688537598;0.4463176101446152;0.17544199228286744;-0.08256564186885954;0.4352487176656723;0.2765097990632057;0.47881656885147095;0.35427963733673096;0.25728653371334076;-0.5593243539333344;0.4195491870244344;0.687732974688212;0.18067366381486258;0.42303264141082764;0.7092316150665283;-0.04835831311841806
2.0;0.4479953348636627;0.1963822990655899;-0.1498263031244278;0.4357708692550659;0.24499954283237457;0.07651833444833755;0.41842740774154663;0.23440393805503845;-0.15699881315231323;0.43838727474212646;0.2971946895122528;0.2718820869922638;0.3883436620235443;0.2657986581325531;-0.3099103569984436;0.43064653873443604;0.4192609488964081;0.0782402902841568;0.4232257604598999;0.417569637298584;-0.07839919626712799;0.43050944805145264;0.5522816181182861;0.1179809719324112;0.4288691282272339;0.5590584874153137;-0.06769861280918121;0.4456784278154373;0.1769864335656166;-0.13927644789218901;0.46425165981054306;0.30022384226322174;0.4189284220337868;0.3412260338664055;0.2588193938136101;-0.4750732183456421;0.4178324143091838;0.6812039613723755;0.19016051292419434;0.4238422711690267;0.7085085113843282;-0.04701910230020682
2.03;0.4475409984588623;0.19823288917541504;-0.1669209897518158;0.43846583366394043;0.24669313430786133;0.0561208501458168;0.41555508971214294;0.2359951287508011;-0.16859392821788788;0.44493401050567627;0.29505816102027893;0.25987526774406433;0.38054990768432617;0.2705444097518921;-0.29769814014434814;0.4318012595176697;0.4215124547481537;0.07635583728551865;0.4233415424823761;0.41978946328163147;-0.07651392370462418;0.4356500506401062;0.5521972179412842;0.11001106351613998;0.4296325445175171;0.5597003698348999;-0.056251294910907745;0.44575644433498385;0.17831888645887375;-0.15450403243303298;0.4763745367527008;0.3054722175002098;0.40767745673656464;0.3293289393186569;0.26092351973056793;-0.4698888286948204;0.41687195499738056;0.6722558736801147;0.19084443151950836;0.4242938458919525;0.7084292769432068;-0.0276921095016102
2.07;0.4474794864654541;0.19909706711769104;-0.16608820855617523;0.4431104063987732;0.24814963340759277;0.058756086975336075;0.4131607413291931;0.23698988556861877;-0.15782761573791504;0.455113023519516;0.29317134618759155;0.2558702528476715;0.3744841516017914;0.27378958463668823;-0.2732049226760864;0.43394508957862854;0.42382174730300903;0.07535741478204727;0.42318710684776306;0.42114055156707764;-0.07551959156990051;0.44109177589416504;0.5518872141838074;0.07740727066993713;0.4300452172756195;0.5594199299812317;-0.06337936222553253;0.44605166018009185;0.1791008710861206;-0.15433718003332614;0.48979152739048004;0.31015441566705704;0.3853460103273392;0.3194393590092659;0.2684156000614166;-0.4465559720993042;0.4171345829963684;0.6719011664390564;0.1679543803135554;0.4246278603871663;0.7080269058545431;-0.03551335446536541
2.1;0.4473281800746918;0.20051579177379608;-0.16189122200012207;0.44666969776153564;0.24963729083538055;0.05610484629869461;0.4110776484012604;0.23831310868263245;-0.15626531839370728;0.46209537982940674;0.2939770817756653;0.2506602704524994;0.36941343545913696;0.2755206823348999;-0.2575913965702057;0.4382098317146301;0.4282396733760834;0.07335770130157471;0.42183542251586914;0.4251844584941864;-0.07350955903530121;0.4511687457561493;0.5521443486213684;0.06645839661359787;0.42699116468429565;0.5599912405014038;-0.06542114168405533;0.44613903760910034;0.18009006679058076;-0.15033868998289107;0.5007796511054039;0.314748577773571;0.35145411640405655;0.3102264776825905;0.2755589783191681;-0.4122775197029114;0.4255342284838359;0.6748501062393188;0.1508997529745102;0.4248707989851634;0.7081001996994019;-0.027864989281321566
2.13;0.4471476078033447;0.2004418820142746;-0.18193204700946808;0.45123690366744995;0.24977487325668335;0.04331865534186363;0.40931567549705505;0.2401091605424881;-0.15673573315143585;0.46905380487442017;0.29239243268966675;0.23963476717472076;0.3652185797691345;0.27587586641311646;-0.2410142868757248;0.4438830614089966;0.43161869049072266;0.06997491419315338;0.42153438925743103;0.42896828055381775;-0.07013403624296188;0.4562363922595978;0.5521003603935242;0.09853783994913101;0.4235178828239441;0.5605756640434265;-0.03283664584159851;0.4462134391069412;0.1801697328686714;-0.17202177420258521;0.5103291571140289;0.318613201379776;0.34048759937286377;0.30527450144290924;0.28104085475206375;-0.3832257091999054;0.43455788493156433;0.6756675839424133;0.22805431485176086;0.4249884287516276;0.7080261707305908;0.04171869748582443
2.17;0.44604745507240295;0.20026712119579315;-0.1411157250404358;0.4552278220653534;0.24966809153556824;0.045915648341178894;0.4070720076560974;0.24190935492515564;-0.110773004591465;0.4803696870803833;0.29060205817222595;0.23335249722003937;0.3610822558403015;0.27812397480010986;-0.1473499983549118;0.44817477464675903;0.42995405197143555;0.062129996716976166;0.42123034596443176;0.4275408983230591;-0.06218234449625015;0.4575442671775818;0.5527899265289307;0.0836266279220581;0.4214576184749603;0.5608471035957336;-0.04407462105154991;0.44569976031780245;0.18022666573524476;-0.1317889355123043;0.519630566239357;0.32052283734083176;0.2966795414686203;0.29864276945590973;0.28497789055109024;-0.2506526708602905;0.44493083159128827;0.6765357851982117;0.19831827779610953;0.425104300181071;0.7086366017659506;0.011273576567570368
2.2;0.44512075185775757;0.2001982480287552;-0.12121573835611343;0.4581858217716217;0.25011882185935974;0.05567680299282074;0.40660202503204346;0.24308456480503082;-0.07634834200143814;0.48854145407676697;0.2923005223274231;0.16783636808395386;0.36041903495788574;0.2795238196849823;-0.10005416721105576;0.4507330358028412;0.42938101291656494;0.054086338728666306;0.42107462882995605;0.4276405870914459;-0.054069582372903824;0.4598188102245331;0.5526760816574097;0.07760537415742874;0.42018479108810425;0.5614346265792847;-0.06636063009500504;0.44533046185970304;0.18012123703956603;-0.11735205166041851;0.5281127244234085;0.3218332678079605;0.15720096230506897;0.2971181571483612;0.28845759481191635;-0.19362148270010948;0.45496445894241333;0.6771862705548605;0.17894089221954346;0.4251376986503601;0.7104901671409607;-0.035814374995728336
2.23;0.4444447159767151;0.20008455216884613;-0.10459456592798233;0.4602266848087311;0.2498760223388672;0.05881533399224281;0.4062798023223877;0.2436644732952118;-0.05594711750745773;0.49308156967163086;0.29255542159080505;0.14750221371650696;0.35890090465545654;0.2809416651725769;-0.06846056878566742;0.45352283120155334;0.4287184476852417;0.04933961108326912;0.4213220179080963;0.4272807538509369;-0.0493096299469471;0.4611005485057831;0.5545505285263062;0.08018708974123001;0.4204787611961365;0.5632761120796204;-0.06898023188114166;0.44528359472751616;0.1800720825791359;-0.10088956728577614;0.5360952764749527;0.3192869797348976;0.11919248104095459;0.29688023030757904;0.29082733392715454;-0.1448933705687523;0.4643370509147644;0.6821106274922689;0.17249287168184915;0.4266326427459717;0.7104864716529846;-0.04316767770797014
2.27;0.4443764090538025;0.20000815391540527;-0.0987962931394577;0.46308597922325134;0.24972319602966309;0.053462810814380646;0.4065527319908142;0.244149848818779;-0.04235009476542473;0.49812206625938416;0.2929133176803589;0.10737160593271255;0.35837653279304504;0.28143903613090515;-0.04986466467380524;0.4554876685142517;0.4282967150211334;0.04271908476948738;0.42149442434310913;0.4270574748516083;-0.04268106445670128;0.462728351354599;0.5563290119171143;0.07198495417833328;0.41978299617767334;0.5634122490882874;-0.061461225152015686;0.44562186002731324;0.18010163456201553;-0.09445797819644212;0.5394187867641449;0.3182339072227478;0.04354070872068405;0.29680898785591125;0.29248079657554626;-0.11909306794404984;0.47415779034296673;0.6899815003077189;0.13330073157946268;0.4269290467103322;0.7102101445198059;-0.03359957520539562
2.3;0.4441354274749756;0.19995282590389252;-0.10419710725545883;0.46655961871147156;0.24979177117347717;0.03613162785768509;0.4071643054485321;0.24485182762145996;-0.04592672735452652;0.5029540061950684;0.2925775945186615;0.07103574275970459;0.36006179451942444;0.28225526213645935;-0.05067974328994751;0.4567663073539734;0.4281401038169861;0.036907754838466644;0.4216171205043793;0.4268092215061188;-0.036890819668769836;0.46344926953315735;0.5580654740333557;0.0660175085067749;0.41910213232040405;0.5632210373878479;-0.04973985627293587;0.44604029357433317;0.1801040843129158;-0.10358075145632029;0.5468072146177292;0.31841837614774704;-0.01770742889493704;0.2982865944504738;0.29541321843862534;-0.12439039908349514;0.4795000155766805;0.6926111380259196;0.12423690656820933;0.4264650543530782;0.7099616726239523;-0.01966398333509763
2.33;0.4441574513912201;0.1999875158071518;-0.10984499752521515;0.4693639874458313;0.24979206919670105;0.012364771217107773;0.4077051281929016;0.2452438622713089;-0.027081966400146484;0.5070198178291321;0.29277005791664124;0.01450008898973465;0.36086931824684143;0.2836921513080597;-0.020574774593114853;0.45838475227355957;0.4280608892440796;0.021359501406550407;0.421705037355423;0.42659443616867065;-0.02132660336792469;0.46531620621681213;0.5578075647354126;0.030943749472498894;0.4188503623008728;0.563081681728363;-0.03725821524858475;0.44703722894191744;0.18020312041044234;-0.11034411266446113;0.5501800328493118;0.31751279532909393;-0.09936438500881195;0.2992321401834488;0.29538538306951523;-0.08945074491202831;0.4826410710811615;0.6964804728825887;0.07632704079151154;0.42630605896313983;0.7097758650779724;0.00383734330534935
2.37;0.44481003284454346;0.2000325471162796;-0.16131947934627533;0.47298651933670044;0.25026795268058777;-0.03707584738731384;0.4082213342189789;0.24639078974723816;-0.05133451521396637;0.5131802558898926;0.29369959235191345;-0.04247990995645523;0.3627330958843231;0.2856484651565552;-0.04315574839711189;0.4603242576122284;0.42779698967933655;0.009525750763714314;0.4217176139354706;0.42640602588653564;-0.00947908777743578;0.46689462661743164;0.5564051270484924;0.018639052286744118;0.4190347194671631;0.5616387128829956;-0.039257802069187164;0.44860623180866244;0.1802420884370804;-0.16153242737054824;0.5600869208574295;0.318925604224205;-0.1691926009953022;0.3013344258069992;0.2964628040790558;-0.12533212266862392;0.48438148697217304;0.6966131528218588;0.06268460140563548;0.4256044427553813;0.7091223398844401;-0.0036729040245215097
2.4;0.4464623034000397;0.20020972192287445;-0.158242866396904;0.4750801920890808;0.2506694197654724;-0.028953049331903458;0.40892767906188965;0.24698001146316528;-0.05029954016208649;0.5168877840042114;0.29435330629348755;-0.022789446637034416;0.3644145429134369;0.2876183092594147;-0.03901398926973343;0.46269646286964417;0.42688295245170593;0.008221214637160301;0.4231785535812378;0.42592039704322815;-0.00816638208925724;0.4696227014064789;0.5562955737113953;-0.0002779508358798921;0.41932255029678345;0.560253918170929;-0.048677828162908554;0.4506654679775238;0.18048339784145356;-0.15699615627527236;0.5653774589300156;0.31987760961055756;-0.13411065004765987;0.30456535518169403;0.2971433401107788;-0.1290204804390669;0.4841697116692861;0.7027872403462728;0.032027573635180794;0.42544013261795044;0.708964208761851;-0.0210746747131149
2.43;0.4487663507461548;0.20080794394016266;-0.17691433429718018;0.4780820906162262;0.2508569061756134;-0.041791826486587524;0.41086435317993164;0.24780045449733734;-0.05953328683972359;0.5212606191635132;0.29507583379745483;-0.03373870626091957;0.36456021666526794;0.2900010049343109;-0.05388714373111725;0.4651738405227661;0.426601380109787;0.00972007680684328;0.42591869831085205;0.4258434474468231;-0.009684949181973934;0.47084325551986694;0.5563614964485168;0.001598167116753757;0.41954532265663147;0.5602806806564331;-0.054972339421510696;0.45308010280132294;0.18100951761007308;-0.17630454152822495;0.5705806612968445;0.32035669684410095;-0.1497793234884739;0.3068933039903641;0.29872848093509674;-0.15185531228780746;0.4836228092511495;0.7062440315882365;0.031023956835269928;0.425555686155955;0.7088698943456014;-0.03511227787627528
2.47;0.44973307847976685;0.20121191442012787;-0.19235850870609283;0.48159027099609375;0.25106510519981384;-0.05936986953020096;0.41344961524009705;0.24874943494796753;-0.06521805375814438;0.5234883427619934;0.2970958650112152;-0.056821372359991074;0.36929672956466675;0.29129186272621155;-0.055730510503053665;0.4680892527103424;0.42648884654045105;0.007453859318047762;0.4292033314704895;0.42585912346839905;-0.0074289720505476;0.47192254662513733;0.5573937296867371;0.006013662554323673;0.4203002154827118;0.5599534511566162;-0.0621836818754673;0.45427385866642;0.18152498751878737;-0.19431198686361312;0.5733128637075424;0.3253662660717964;-0.18500791490077972;0.3114292025566101;0.3016582727432251;-0.15446903556585312;0.4820229907830556;0.7076941927274069;0.04070653455952803;0.4253174364566803;0.7086814045906067;-0.042542693205177784
2.5;0.4506615996360779;0.20187295973300934;-0.19853122532367706;0.48499494791030884;0.2510569393634796;-0.06404570490121841;0.416428804397583;0.24929691851139069;-0.07178457081317902;0.5275101065635681;0.2982197105884552;-0.04718999192118645;0.3731085956096649;0.2933938205242157;-0.05888470262289047;0.47089847922325134;0.4268437623977661;0.007292780093848705;0.4320221543312073;0.4260832667350769;-0.007267323322594166;0.4726579487323761;0.559140145778656;0.02015126869082451;0.422027587890625;0.5603030323982239;-0.05216106399893761;0.45546012222766874;0.18231073170900344;-0.20095729678869248;0.5785774439573288;0.32817620038986206;-0.15962252765893936;0.3179463744163513;0.3040769472718239;-0.16426586359739304;0.4810279905796051;0.7066772182782491;0.06408366669590275;0.42439331610997516;0.707969605922699;-0.027024350439508755
2.53;0.4515552520751953;0.20250818133354187;-0.21423974633216858;0.4880719482898712;0.2512454390525818;-0.0734100490808487;0.4199115037918091;0.24949193000793457;-0.08556590974330902;0.5310810804367065;0.2992219626903534;-0.04978134483098984;0.3777335286140442;0.2946260869503021;-0.0660824328660965;0.4732397198677063;0.42739337682724;0.007856158539652824;0.43510520458221436;0.42619797587394714;-0.007834243588149548;0.474147230386734;0.5621776580810547;0.022140614688396454;0.4239325523376465;0.5621846318244934;-0.05076412484049797;0.45653127133846283;0.1830770954489708;-0.21763347387313842;0.5841788500547409;0.3305743336677551;-0.15955514460802078;0.32427622377872467;0.30632561445236206;-0.169539213180542;0.48151684800783795;0.7075571616490682;0.07042355897525947;0.42438340187072754;0.7079802950223287;-0.02399641027053197
2.57;0.45309174060821533;0.2025926411151886;-0.2012835592031479;0.49050337076187134;0.2513278126716614;-0.07008876651525497;0.4232300817966461;0.24983587861061096;-0.07817371189594269;0.5334752202033997;0.29909321665763855;-0.05186085402965546;0.38240402936935425;0.2953622043132782;-0.04923029989004135;0.47572237253189087;0.4277366101741791;0.004678274970501661;0.4378949701786041;0.42615967988967896;-0.004635598510503769;0.4756473898887634;0.5630238056182861;0.0162090715020895;0.42640113830566406;0.5621566772460938;-0.04918966069817543;0.4580861270427704;0.1832507386803627;-0.2042197600007057;0.5867780447006226;0.33154743164777756;-0.16493813693523407;0.32978518307209015;0.30736562609672546;-0.15787319093942642;0.4812794228394826;0.7073701818784078;0.0648804724526902;0.42452237010002136;0.7076096932093302;-0.019095071280996006
2.6;0.45479923486709595;0.2025725394487381;-0.2044837474822998;0.4931486248970032;0.2513216435909271;-0.07074937969446182;0.42655548453330994;0.2500026524066925;-0.07804028689861298;0.5365800857543945;0.29882118105888367;-0.04966391623020172;0.3872947692871094;0.29603761434555054;-0.05248427018523216;0.47810429334640503;0.4276767373085022;0.0068290457129478455;0.44045379757881165;0.4259829521179199;-0.006798898335546255;0.47765642404556274;0.5633070468902588;0.020323310047388077;0.4294217526912689;0.5608200430870056;-0.05473531037569046;0.4597582876682281;0.18331889063119888;-0.2073436975479126;0.5896144807338715;0.3334244638681412;-0.16043324023485184;0.33582158386707306;0.3079761192202568;-0.1601703241467476;0.4822025994459788;0.7065528035163879;0.06794343361010154;0.4248247643311818;0.7059198617935181;-0.02274004432062308
2.63;0.45756250619888306;0.2024231106042862;-0.2028805911540985;0.4959918260574341;0.2512601912021637;-0.05674568936228752;0.4297375977039337;0.25023019313812256;-0.056412894278764725;0.5395340323448181;0.29879942536354065;-0.03364058583974838;0.39067837595939636;0.2967081665992737;-0.026846807450056076;0.48040229082107544;0.427734911441803;0.0030380135867744684;0.4425917863845825;0.4259725511074066;-0.003015852766111493;0.47960612177848816;0.5641830563545227;0.006378712132573128;0.43223416805267334;0.5633038878440857;-0.019900014623999596;0.4619909763336182;0.18322591483592987;-0.1953785963356495;0.5928858369588852;0.3339480236172676;-0.14165864326059818;0.3400076776742935;0.307402104139328;-0.1307759638875723;0.4821736812591553;0.706996480623881;0.06382676735908414;0.4265180428822835;0.7051269809405009;0.03229546919465065
2.67;0.45971885323524475;0.2021481990814209;-0.19486401975154877;0.49787938594818115;0.25128111243247986;-0.057061128318309784;0.43239453434944153;0.2505565285682678;-0.04665864631533623;0.5424271821975708;0.29879528284072876;-0.03879552334547043;0.3940625786781311;0.29693034291267395;-0.013317239470779896;0.48228996992111206;0.4276953637599945;-0.0006345976726152003;0.44444724917411804;0.4260241389274597;0.0006702427635900676;0.4814654290676117;0.5652462244033813;0.0035445753019303083;0.4362092614173889;0.5668505430221558;-0.011191450990736485;0.46371543109416963;0.1831420838832855;-0.18893157839775085;0.5957625806331635;0.33535414934158325;-0.14973357692360878;0.3431863784790039;0.30700936168432236;-0.11601771041750908;0.48275163769721985;0.7071840763092041;0.0517149968072772;0.43060078223546344;0.7066565354665121;0.03215876718362173
2.7;0.46205398440361023;0.20179356634616852;-0.16630689799785614;0.4996228516101837;0.25133928656578064;-0.04821256548166275;0.4344165027141571;0.2510095536708832;-0.035489521920681;0.5439308285713196;0.2989010214805603;-0.028083670884370804;0.3972882330417633;0.2980060279369354;-0.005142966751009226;0.48400744795799255;0.42767050862312317;-0.0004052424628753215;0.4461439549922943;0.4260586202144623;0.0004666816967073828;0.48254966735839844;0.565257728099823;-0.00019503130170051008;0.4390949308872223;0.5682446956634521;-0.014316748827695847;0.46592513024806975;0.18297792822122574;-0.16703778952360154;0.5971349328756332;0.33567091077566147;-0.1356172002851963;0.3462195545434952;0.3070988357067108;-0.1048277746886015;0.483266681432724;0.7083776195844015;0.044005122035741806;0.43278561035792035;0.7084188262621561;0.024823570003112156
2.73;0.4621063470840454;0.20178675651550293;-0.17946679890155792;0.5013759732246399;0.2513660490512848;-0.056023504585027695;0.4362603425979614;0.251544713973999;-0.04733482748270035;0.5454174876213074;0.3007914125919342;-0.03604821860790253;0.3991912007331848;0.29982978105545044;-0.02279002033174038;0.4859418570995331;0.42766377329826355;-0.0004500968207139522;0.4481047987937927;0.42645132541656494;0.0005129087949171662;0.48341894149780273;0.5649365186691284;0.00036048537003807724;0.4422571361064911;0.568726122379303;-0.012972598895430565;0.46633287966251374;0.18296979516744613;-0.18173349052667617;0.5972542315721512;0.3391866981983185;-0.150832150131464;0.34721245616674423;0.30845558643341064;-0.12749379687011242;0.4834592839082082;0.7090146342913309;0.047178301960229874;0.43719563881556195;0.7106266617774963;0.02496275802453359
2.77;0.4620788097381592;0.2013925462961197;-0.19155386090278625;0.5028768181800842;0.2514256536960602;-0.06705720722675323;0.43790730834007263;0.25204357504844666;-0.05145935341715813;0.5453590154647827;0.30543264746665955;-0.042756736278533936;0.40177929401397705;0.30275392532348633;-0.014664801768958569;0.4874444305896759;0.427915096282959;-0.001965902280062437;0.44944825768470764;0.426942378282547;0.0020040555391460657;0.48414796590805054;0.5649859309196472;0.0005267261294648051;0.44491323828697205;0.5687010884284973;-0.005055887158960104;0.466720649600029;0.1828055202960968;-0.19520447552204132;0.5971361845731735;0.34533508867025375;-0.15501801297068596;0.3512657880783081;0.31322114914655685;-0.10898264683783054;0.4835176368554433;0.7092563509941101;0.04868025363733371;0.441469669342041;0.7108275890350342;0.042114809776345886
2.8;0.4627986550331116;0.2012190818786621;-0.1880374401807785;0.5038546919822693;0.251392662525177;-0.06600406765937805;0.4393969476222992;0.2521437108516693;-0.047925010323524475;0.5444071292877197;0.3103533089160919;-0.039909593760967255;0.4045265018939972;0.3067372739315033;-0.00384878390468657;0.4885038733482361;0.4279790222644806;-0.0045841289684176445;0.4505152404308319;0.42723509669303894;0.004610633011907339;0.48482203483581543;0.5655966401100159;-0.002430139109492302;0.4464208781719208;0.5687372088432312;-0.0023711093235760927;0.46757417619228364;0.1827189788222313;-0.19176061004400252;0.5957971215248108;0.35725972056388855;-0.147455096244812;0.35486530512571335;0.3196561112999916;-0.09940588474273682;0.4838111201922099;0.709865669409434;0.043700932835539184;0.4433724284172058;0.7109607656796774;0.04220273780326048
2.83;0.46307170391082764;0.20119360089302063;-0.18626323342323303;0.5048582553863525;0.2513951063156128;-0.06843208521604538;0.44024357199668884;0.25211766362190247;-0.04420194402337074;0.5429471731185913;0.31516993045806885;-0.03857562690973282;0.40687334537506104;0.31013724207878113;0.007532799616456032;0.48969438672065735;0.42785269021987915;-0.007141208276152611;0.45124325156211853;0.4272947311401367;0.007160118315368891;0.48497751355171204;0.5655397772789001;-0.004886139649897814;0.4479600489139557;0.5687931180000305;0.0008435591589659452;0.4680392473936081;0.18270216435194014;-0.1902615562081337;0.5931851416826248;0.37196263670921326;-0.14062088169157505;0.35888543725013733;0.3324402943253517;-0.08089644275605679;0.4835217297077179;0.7104739944140116;0.040483428786198296;0.44491339723269147;0.7112545768419901;0.04425202247997125
2.87;0.4637192189693451;0.20107801258563995;-0.20347563922405243;0.5053899884223938;0.25287482142448425;-0.08375556766986847;0.4411608874797821;0.25260594487190247;-0.05941515415906906;0.5421134233474731;0.32282382249832153;-0.0499035008251667;0.4099419116973877;0.3156752586364746;-0.008191380649805069;0.4902360737323761;0.42845791578292847;-0.006584002636373043;0.451669842004776;0.42833274602890015;0.0065750726498663425;0.4855014979839325;0.5681026577949524;-0.001558240968734026;0.44959917664527893;0.5698729157447815;0.004702845122665167;0.468879172205925;0.1826789289712906;-0.20812137722969054;0.591567263007164;0.389522910118103;-0.14676959812641144;0.36129670590162277;0.34878306835889816;-0.10362198762595654;0.48344558477401733;0.7121812105178833;0.04547747845451037;0.44525449474652606;0.7112412254015604;0.05488858806590239
2.9;0.4641020894050598;0.20099571347236633;-0.18873250484466553;0.5055293440818787;0.2541772723197937;-0.07465790212154388;0.4420083463191986;0.2530888319015503;-0.052998438477516174;0.5418820977210999;0.32937321066856384;-0.033400487154722214;0.41400566697120667;0.31985095143318176;-0.006305940914899111;0.49052339792251587;0.4289442002773285;-0.005144311580806971;0.451964795589447;0.42923504114151;0.0051420098170638084;0.4856964349746704;0.5682731866836548;0.00016911033890210092;0.4501364231109619;0.5702938437461853;0.0005492008640430868;0.46939354538917544;0.18266015350818635;-0.19305002689361572;0.5799820423126221;0.40796998143196106;-0.11338171921670437;0.36734621226787567;0.3654520660638809;-0.09837132692337036;0.4834113121032715;0.7119982043902079;0.046914283807078995;0.44492846727371216;0.7113026181856791;0.04888084530830383
2.93;0.4650280773639679;0.20085014402866364;-0.1914781779050827;0.505298912525177;0.25587454438209534;-0.07188989222049713;0.44289618730545044;0.2539621591567993;-0.058233439922332764;0.536167323589325;0.3350197374820709;-0.03323226422071457;0.4171614348888397;0.3276466727256775;-0.008528359234333038;0.49092477560043335;0.4291999042034149;-0.004290833603590727;0.4522254467010498;0.4296812415122986;0.004304941277951002;0.4859212040901184;0.5683403611183167;0.001107946620322764;0.4502580165863037;0.5710770487785339;-0.0010070411954075098;0.4703831344842911;0.18264530450105668;-0.19464578181505204;0.566647082567215;0.4236982390284538;-0.11886259913444519;0.3725915476679802;0.3849354088306427;-0.10344476252794266;0.4836648106575012;0.7122721672058105;0.048895164703329407;0.4444649914900462;0.7114277879397074;0.05168111870686213
2.97;0.46571916341781616;0.20081835985183716;-0.19188112020492554;0.5046967267990112;0.2576991319656372;-0.06958784908056259;0.44357460737228394;0.2550220191478729;-0.062462277710437775;0.5278509855270386;0.34141892194747925;-0.029446961358189583;0.42112821340560913;0.33554741740226746;-0.019835591316223145;0.49118703603744507;0.42938271164894104;-0.0028971789870411158;0.45270752906799316;0.42992812395095825;0.002875366946682334;0.486205130815506;0.5681988000869751;-0.0002507223398424685;0.45002156496047974;0.5713885426521301;-0.0036656165029853582;0.4711606830358505;0.18273844122886657;-0.194657202064991;0.5554244816303253;0.4336480125784874;-0.116792943328619;0.3805937021970749;0.4061961770057678;-0.1095450110733509;0.48364999890327454;0.7124409476915995;0.04912179863701264;0.4442175328731537;0.7116648157437643;0.04862483497709036
3.0;0.46617406606674194;0.20042991638183594;-0.20058709383010864;0.5043474435806274;0.25829264521598816;-0.07818171381950378;0.4437425434589386;0.25629326701164246;-0.07020268589258194;0.5206862092018127;0.34505051374435425;-0.03442874550819397;0.4242553114891052;0.3420323133468628;-0.027409370988607407;0.4908863306045532;0.42944803833961487;-0.002588879084214568;0.4528007209300995;0.430230975151062;0.0025699669495224953;0.48613038659095764;0.5681077241897583;-0.002366152824833989;0.44975727796554565;0.5713436603546143;-0.004300077445805073;0.4716536164283752;0.18267590403556824;-0.20314541608095169;0.5415277779102325;0.4370616525411606;-0.11919115483760834;0.38894686102867126;0.42518486827611923;-0.1136728897690773;0.4840536117553711;0.7112599015235901;0.048249573136369385;0.44430752595265705;0.7117584149042765;0.04760703444480896
3.03;0.4664628803730011;0.1999596506357193;-0.21332968771457672;0.504005491733551;0.25961604714393616;-0.0872412621974945;0.44375985860824585;0.2575536370277405;-0.0840103030204773;0.5135684013366699;0.34856942296028137;-0.04087631776928902;0.4304642975330353;0.3465840518474579;-0.03896499052643776;0.49059587717056274;0.42944177985191345;-0.002564981346949935;0.45276403427124023;0.4302395284175873;0.0025284686125814915;0.48606234788894653;0.5671234726905823;-0.004991451743990183;0.4494309723377228;0.5718012452125549;-0.004939052276313305;0.47203327119350436;0.18255546689033508;-0.21632721573114394;0.5243732333183289;0.4440266489982605;-0.12049037776887417;0.3996819481253624;0.438474178314209;-0.12050108052790165;0.4840203324953715;0.708695669968923;0.04851381884266933;0.4443238377571106;0.7119872768719991;0.04651392251253128
3.07;0.4665168225765228;0.19978061318397522;-0.20796096324920654;0.5037939548492432;0.26175397634506226;-0.08084353059530258;0.44370579719543457;0.2583616077899933;-0.07874622941017151;0.5098146200180054;0.35821983218193054;-0.03375312685966492;0.43461674451828003;0.35002657771110535;-0.035452838987112045;0.4907494783401489;0.42899003624916077;-0.0019899029284715652;0.4529643654823303;0.4298960566520691;0.0019425729988142848;0.48588889837265015;0.5662093758583069;-0.013309222646057606;0.449126273393631;0.571846604347229;-0.011160199530422688;0.47222742438316345;0.18253080546855927;-0.21068540811538697;0.5147082805633545;0.4527197629213333;-0.11291404068470001;0.4120285287499428;0.4399605169892311;-0.119841568171978;0.4837319254875183;0.7082783977190653;0.050760667771101;0.4442665974299113;0.7120898962020874;0.047365033999085426
3.1;0.4666255712509155;0.1997612863779068;-0.20621316134929657;0.5036479234695435;0.263801634311676;-0.07259330153465271;0.443400114774704;0.25878116488456726;-0.0776384025812149;0.5044383406639099;0.3632645010948181;-0.023579079657793045;0.4370443820953369;0.3533347249031067;-0.03808789327740669;0.49034687876701355;0.4288575351238251;0.0011501405388116837;0.45269912481307983;0.42920592427253723;-0.0012136398581787944;0.485956072807312;0.5662092566490173;-0.016225319355726242;0.44899752736091614;0.5711877942085266;-0.019152875989675522;0.4723529517650604;0.18257074505090715;-0.20646962523460388;0.5040392875671387;0.4572423920035362;-0.1032858956605196;0.42251966893672943;0.4501308798789978;-0.12259368598461151;0.4837430715560913;0.7087849179903666;0.0454955038925012;0.44420331716537476;0.7121015191078186;0.043970527748266854
3.13;0.46646687388420105;0.19975362718105316;-0.20468348264694214;0.5035912990570068;0.26457250118255615;-0.0633310079574585;0.44311121106147766;0.25874263048171997;-0.07517109811306;0.5050033330917358;0.362368106842041;-0.013112164102494717;0.43872180581092834;0.3474295437335968;-0.03663425147533417;0.4902942180633545;0.4288538098335266;0.002742279786616564;0.4520993232727051;0.42895421385765076;-0.00274979742243886;0.4858938157558441;0.5662604570388794;-0.012429781258106232;0.44880589842796326;0.5709396004676819;-0.017635269090533257;0.4722593516111374;0.18259847164154053;-0.20415271073579788;0.5041922479867935;0.45742516964673996;-0.0903897937387228;0.4341903477907181;0.4448009207844734;-0.12220983952283859;0.4836861689885457;0.7089212338129679;0.05543744284659624;0.444118191798528;0.7120415170987447;0.051903143525123596
3.17;0.46634599566459656;0.19971108436584473;-0.19105744361877441;0.503515362739563;0.2646031677722931;-0.05408569425344467;0.4430040419101715;0.2585945725440979;-0.06482883542776108;0.5057719349861145;0.3610682785511017;-0.006146952975541353;0.437937468290329;0.3459427058696747;-0.029541170224547386;0.4899289906024933;0.4293748736381531;0.0028648548759520054;0.4513145983219147;0.42891010642051697;-0.002855693455785513;0.48543164134025574;0.5676864981651306;-0.010661494918167591;0.4487491846084595;0.5708107352256775;-0.01671319082379341;0.472185343503952;0.18263404220342636;-0.19110637083649634;0.5068855434656143;0.45570753514766693;-0.08660095185041428;0.4346563518047333;0.4452114477753639;-0.1167689897119999;0.48355696598688763;0.709116796652476;0.06426893423000972;0.4440332055091858;0.7115975817044576;0.05910766342033943
3.2;0.4663834869861603;0.19971634447574615;-0.1927635669708252;0.5034622550010681;0.2648301124572754;-0.05790932849049568;0.4429314434528351;0.258490651845932;-0.0699639841914177;0.507656991481781;0.36206549406051636;-0.01244962215423584;0.43721821904182434;0.3492811620235443;-0.034943584352731705;0.489637553691864;0.4284609854221344;0.0027705873362720013;0.4512547254562378;0.42809975147247314;-0.00275953346863389;0.4844828248023987;0.5668967962265015;-0.01303874421864748;0.4486365020275116;0.5702057480812073;-0.016756994649767876;0.472226494550705;0.1828023910522461;-0.19294501543045045;0.5116168856620789;0.4559520110487938;-0.09630600176751614;0.42905377596616745;0.44728606939315796;-0.12327240966260433;0.48336190978686017;0.7090359330177307;0.05442720217009386;0.44373194376627606;0.7110080718994141;0.057381121441721916
3.23;0.46641403436660767;0.19998086988925934;-0.19470281898975372;0.5034471750259399;0.26537004113197327;-0.059767745435237885;0.44245651364326477;0.2589172124862671;-0.07524261623620987;0.5084725022315979;0.3626953065395355;-0.01346645038574934;0.43568867444992065;0.3526886999607086;-0.038675952702760696;0.48860013484954834;0.4284612834453583;0.003115856321528554;0.4508741796016693;0.4281524419784546;-0.0031306957826018333;0.48433759808540344;0.5668848752975464;-0.012049471028149128;0.4485339820384979;0.5693965554237366;-0.01736575923860073;0.4722397744655609;0.1831904888153076;-0.19498085454106331;0.515538215637207;0.45845065265893936;-0.09918457642197609;0.42394308745861053;0.44853725284338;-0.126279316842556;0.4833950400352478;0.7090413769086202;0.0459146648645401;0.4436298708120982;0.7104309995969137;0.04797684649626414
3.27;0.4663853049278259;0.20028772950172424;-0.2118380218744278;0.5032477974891663;0.26599687337875366;-0.07580271363258362;0.4418134391307831;0.2593013048171997;-0.0913621038198471;0.5090996623039246;0.3615524172782898;-0.02527308277785778;0.43426430225372314;0.3541620075702667;-0.054343268275260925;0.48828423023223877;0.4284820854663849;0.0030778064392507076;0.4506632387638092;0.4283512830734253;-0.003101736307144165;0.4842565357685089;0.567062258720398;-0.011787597090005875;0.44843587279319763;0.5693522691726685;-0.017286421731114388;0.4722356736660004;0.1835073471069336;-0.2133033037185669;0.5183668881654739;0.46022793650627136;-0.10575894266366959;0.4212639629840851;0.45094340294599533;-0.13558048196136951;0.4834191103776296;0.7090426286061605;0.045957486455639206;0.44348986943562824;0.7101232012112936;0.04776814766228199
3.3;0.46638408303260803;0.20051899552345276;-0.23355428874492645;0.5029537081718445;0.26645615696907043;-0.09881097823381424;0.4412587583065033;0.25991493463516235;-0.10512387007474899;0.5096373558044434;0.36002838611602783;-0.04897632077336311;0.4336589276790619;0.35414087772369385;-0.06402653455734253;0.4882584810256958;0.4286401569843292;0.0025750340428203344;0.450643926858902;0.4286632835865021;-0.0026186667382717133;0.4842223823070526;0.5669881105422974;-0.01563643105328083;0.44834792613983154;0.5692903399467468;-0.015210283920168877;0.47225301861763;0.1837208792567253;-0.23524142801761627;0.5200943052768707;0.4578467011451721;-0.1271551251411438;0.4193652421236038;0.45118827372789383;-0.1432664506137371;0.4834568699200948;0.7088300784428915;0.045685749500989914;0.4434051712354024;0.7096786499023438;0.04885632606844107
3.33;0.46636128425598145;0.20109279453754425;-0.23017732799053192;0.502711832523346;0.2670760154724121;-0.09855516999959946;0.4403418302536011;0.26071467995643616;-0.10485458374023438;0.5100085139274597;0.35924193263053894;-0.05028895288705826;0.43062615394592285;0.3557378649711609;-0.06442322582006454;0.4881766438484192;0.43064987659454346;0.00231477664783597;0.45050325989723206;0.4309304356575012;-0.0023762816563248634;0.48412129282951355;0.5674313902854919;-0.014578728005290031;0.44821807742118835;0.569847047328949;-0.011975396424531937;0.4722343415021896;0.18420683443546296;-0.23192986696958542;0.5228229612112045;0.4580272063612938;-0.12955998070538044;0.4100653678178787;0.4537220671772957;-0.14381546340882778;0.48352617025375366;0.7089249889055887;0.04619374747077624;0.44340139627456665;0.7096078793207804;0.05284871906042099
3.37;0.46634653210639954;0.20182585716247559;-0.23876552283763885;0.5021945238113403;0.2670871913433075;-0.1057615652680397;0.4398079514503479;0.26071304082870483;-0.11138614267110825;0.5101726055145264;0.35889118909835815;-0.053220510482788086;0.42757144570350647;0.35427090525627136;-0.07064216583967209;0.48787355422973633;0.43105077743530273;0.0016595593187958002;0.4501323699951172;0.4318198263645172;-0.001739694271236658;0.48410266637802124;0.5677691102027893;-0.009247328154742718;0.44797760248184204;0.5698629021644592;-0.00650877645239234;0.47222045958042147;0.1847945988178253;-0.24117259681224823;0.5299848914146423;0.4586653709411621;-0.13177695497870445;0.4048863798379898;0.4517730176448822;-0.15039009228348732;0.4835250675678253;0.7090299328168234;0.04652025861044725;0.44334957997004193;0.709610641002655;0.05492806372543176
3.4;0.46634724736213684;0.20233681797981262;-0.2609659731388092;0.5019048452377319;0.2670874297618866;-0.12235381454229355;0.4391048848628998;0.260816752910614;-0.1273653209209442;0.5113180875778198;0.35916221141815186;-0.06905678659677505;0.4253372550010681;0.3542560040950775;-0.08690791577100754;0.48782700300216675;0.4313468635082245;0.0015594789292663336;0.44987180829048157;0.4324589967727661;-0.0016422768821939826;0.48409390449523926;0.568046510219574;-0.0048717656172811985;0.44791850447654724;0.5698582530021667;-0.00430050864815712;0.4722166478633881;0.18514905422925948;-0.2633742943406105;0.5340024679899216;0.45897525548934937;-0.1479603461921215;0.40066100656986237;0.45297687500715256;-0.16907235234975815;0.4835335910320282;0.709017833073934;0.05437923843661944;0.44332727789878845;0.7096390128135681;0.06012418152143558
3.43;0.466352641582489;0.202615424990654;-0.2553155720233917;0.5015293955802917;0.2670254111289978;-0.1159307211637497;0.438807874917984;0.2608770430088043;-0.12377899140119553;0.511687159538269;0.3590371012687683;-0.06184631586074829;0.42439502477645874;0.3536366820335388;-0.08199773728847504;0.48774585127830505;0.4316040277481079;0.0017158992122858763;0.4496520459651947;0.43299204111099243;-0.0018020630814135075;0.4840843677520752;0.5683634281158447;-0.002961859107017517;0.4477454423904419;0.5700667500495911;-0.004548149649053812;0.47221501767635343;0.18542775958776475;-0.25798456370830536;0.5355196744203568;0.4580434113740921;-0.14116753078997135;0.3978678211569786;0.45101041346788406;-0.1637919321656227;0.4834030469258626;0.7095798254013062;0.05436229798942804;0.44331875443458557;0.7099668582280477;0.0590128341379265
3.47;0.4663286805152893;0.20288808643817902;-0.25124391913414;0.5012065172195435;0.2670583128929138;-0.11346297711133957;0.43860864639282227;0.26088833808898926;-0.11986362934112549;0.5117455720901489;0.3589334785938263;-0.059353701770305634;0.4239237308502197;0.35319873690605164;-0.07694743573665619;0.48758089542388916;0.43171051144599915;0.0017301966436207294;0.4493103325366974;0.4333834648132324;-0.0018173016142100096;0.484062522649765;0.5686146020889282;-0.0029411737341433764;0.4476654827594757;0.5704807043075562;-0.004751352593302727;0.4721901446580887;0.1856742814183235;-0.254205022752285;0.5353452414274216;0.45797090232372284;-0.13876410014927387;0.39561107754707336;0.4497888907790184;-0.1587519235908985;0.48330098390579224;0.7097284992535909;0.0540162343531847;0.4433189928531647;0.7107330759366354;0.05789421514297525
