segundo;landmark_10_x;landmark_10_y;landmark_10_z;landmark_11_x;landmark_11_y;landmark_11_z;landmark_12_x;landmark_12_y;landmark_12_z;landmark_13_x;landmark_13_y;landmark_13_z;landmark_14_x;landmark_14_y;landmark_14_z;landmark_23_x;landmark_23_y;landmark_23_z;landmark_24_x;landmark_24_y;landmark_24_z;landmark_25_x;landmark_25_y;landmark_25_z;landmark_26_x;landmark_26_y;landmark_26_z;cara_prom_x;cara_prom_y;cara_prom_z;mano_izquierda_prom_x;mano_izquierda_prom_y;mano_izquierda_prom_z;mano_derecha_prom_x;mano_derecha_prom_y;mano_derecha_prom_z;pie_izquierdo_prom_x;pie_izquierdo_prom_y;pie_izquierdo_prom_z;pie_derecho_prom_x;pie_derecho_prom_y;pie_derecho_prom_z;Etiqueta;Vista
0.03;0.4713537096977234;0.296112060546875;-0.10708523541688919;0.4510127305984497;0.3462977409362793;0.06777123361825943;0.44522586464881897;0.33835986256599426;-0.216347798705101;0.4527076482772827;0.45695602893829346;0.0980968102812767;0.443017840385437;0.44983741641044617;-0.26169830560684204;0.44728007912635803;0.5316494107246399;0.0896100401878357;0.44613203406333923;0.535122811794281;-0.08960527181625366;0.4470604360103607;0.6700153350830078;0.13448546826839447;0.4452194273471832;0.6754692792892456;-0.04413866251707077;0.4695379644632339;0.2760476112365723;-0.09543052185326814;0.4547753855586052;0.5563888400793076;0.03204009821638465;0.46222811192274094;0.5685311406850815;-0.26004572585225105;0.45364608367284137;0.8142123222351074;0.21164881686369577;0.4544544716676076;0.8316518465677897;0.005431676283478737;vertical;lado
0.07;0.47127804160118103;0.2952858507633209;-0.10842729359865189;0.4508071541786194;0.34571245312690735;0.06574638187885284;0.4445420503616333;0.3386431634426117;-0.21633408963680267;0.4515298306941986;0.45661863684654236;0.08972036838531494;0.4421120285987854;0.452949583530426;-0.252790629863739;0.4465752840042114;0.532156229019165;0.08950020372867584;0.44562259316444397;0.5350964069366455;-0.0895034596323967;0.4481871724128723;0.670032262802124;0.14011666178703308;0.44604235887527466;0.6768327951431274;-0.03769983723759651;0.4693049281835556;0.27453858554363253;-0.09677376560866832;0.45513758063316345;0.558138832449913;0.01997362484689802;0.4617997482419014;0.5690441727638245;-0.2508174143731594;0.45329852898915607;0.8125862081845602;0.22079035639762878;0.45434318979581195;0.8314455350240072;0.018157875165343285;vertical;lado
0.1;0.47122833132743835;0.2948686480522156;-0.10842220485210419;0.45056620240211487;0.3456915318965912;0.06582776457071304;0.4439508318901062;0.3389783203601837;-0.2156449556350708;0.45089924335479736;0.45627352595329285;0.08909858018159866;0.44135963916778564;0.45386871695518494;-0.24890145659446716;0.446096807718277;0.532154381275177;0.08956539630889893;0.445109486579895;0.534446656703949;-0.08957722783088684;0.4488024115562439;0.6702525019645691;0.13979892432689667;0.44635623693466187;0.6773093342781067;-0.038259297609329224;0.46919286251068115;0.2738007664680481;-0.09675999283790589;0.4552631974220276;0.5582195967435837;0.019209631136618555;0.46143290400505066;0.569137766957283;-0.24749811366200447;0.4533388117949168;0.8125978112220764;0.21925613780816397;0.45435946186383563;0.8315966129302979;0.015828318273027737;vertical;lado
0.13;0.47124963998794556;0.2947685420513153;-0.1096765473484993;0.45025917887687683;0.3456585705280304;0.06441089510917664;0.44373613595962524;0.339100182056427;-0.21564237773418427;0.450042188167572;0.4559086561203003;0.08460170030593872;0.4407460689544678;0.45432373881340027;-0.24862542748451233;0.44570988416671753;0.5324060916900635;0.08961702138185501;0.44463661313056946;0.5344401597976685;-0.08963783085346222;0.44947707653045654;0.6704841256141663;0.14803948998451233;0.446447491645813;0.6791149377822876;-0.031546950340270996;0.46919927299022673;0.2735718637704849;-0.09792222306132317;0.4552224427461624;0.5584481358528137;0.013353520189411938;0.46113231033086777;0.5691965520381927;-0.24429640918970108;0.4534389873345693;0.8108475804328918;0.2330629676580429;0.45400697986284894;0.8316832383473715;0.029823157315452892;vertical;lado
0.17;0.47144874930381775;0.29472535848617554;-0.10937919467687607;0.4498388171195984;0.3456011712551117;0.06449703872203827;0.443712443113327;0.3391736149787903;-0.21399113535881042;0.449232280254364;0.45580950379371643;0.0836685448884964;0.4406292736530304;0.45472806692123413;-0.24584490060806274;0.44499900937080383;0.532775342464447;0.08962462097406387;0.44455915689468384;0.5344457030296326;-0.0896487832069397;0.4495696723461151;0.6707485318183899;0.14858543872833252;0.4466014504432678;0.6804952025413513;-0.03114169090986252;0.469283989071846;0.27350792586803435;-0.09746480211615563;0.45515912771224976;0.559158444404602;0.013074526941636577;0.46098270267248154;0.5691926330327988;-0.23946359753608704;0.45330435037612915;0.8107976118723551;0.23239408930142721;0.45362483461697894;0.832358737786611;0.028798049315810204;vertical;lado
0.2;0.47168058156967163;0.2946152985095978;-0.10832317173480988;0.4495128095149994;0.3452591598033905;0.06490188091993332;0.4436717927455902;0.33916404843330383;-0.21267922222614288;0.448574036359787;0.4552936255931854;0.08319465070962906;0.44027772545814514;0.4547296166419983;-0.24364694952964783;0.4446859061717987;0.5328373312950134;0.0898316502571106;0.4443284273147583;0.5343934893608093;-0.08986682444810867;0.4496380090713501;0.6714365482330322;0.14780575037002563;0.44663500785827637;0.6821136474609375;-0.03235451132059097;0.46941258013248444;0.2733603000640869;-0.09609197955578566;0.4550580233335495;0.5592176467180252;0.011650135274976492;0.46091537177562714;0.5688975900411606;-0.23277554288506508;0.4532533983389537;0.8112143278121948;0.2290696402390798;0.4532306492328644;0.833746612071991;0.02578832084933917;vertical;lado
0.23;0.4719996154308319;0.2945987284183502;-0.10662277042865753;0.4494493901729584;0.3450091779232025;0.06777602434158325;0.4435803294181824;0.3390008211135864;-0.21234656870365143;0.4483379125595093;0.45451873540878296;0.08459050953388214;0.43974560499191284;0.45460331439971924;-0.24474237859249115;0.4444328844547272;0.532838761806488;0.09049301594495773;0.44349485635757446;0.5341395735740662;-0.09053976833820343;0.4497532844543457;0.67159104347229;0.1468857228755951;0.446561336517334;0.6821318864822388;-0.03350675478577614;0.469614514708519;0.27333215475082395;-0.09415751677006483;0.4549974352121353;0.5588284283876419;0.013882909435778856;0.46070197969675064;0.5677827894687653;-0.2366279773414135;0.45330952604611713;0.8117580413818359;0.22349083920319876;0.4528978963692983;0.8341170946756998;0.021743659550944965;vertical;lado
0.27;0.47239041328430176;0.2945590019226074;-0.10572170466184616;0.44939786195755005;0.3449890911579132;0.07031760364770889;0.4435461461544037;0.338826447725296;-0.21248772740364075;0.4479386806488037;0.4539591073989868;0.08621655404567719;0.4391467869281769;0.45417386293411255;-0.24596163630485535;0.4437818229198456;0.5327146649360657;0.0916655883193016;0.4423241913318634;0.5335261225700378;-0.0917222797870636;0.4497436285018921;0.6716209650039673;0.14624479413032532;0.44640523195266724;0.68199223279953;-0.037180423736572266;0.4699028730392456;0.2732836604118347;-0.0931744271889329;0.4549053758382797;0.5570330619812012;0.014456237521244475;0.46039435267448425;0.566737949848175;-0.23922830820083618;0.45333173871040344;0.8119589885075887;0.22001061836878458;0.45261643330256146;0.8342091043790182;0.014407962560653687;vertical;lado
0.3;0.47257164120674133;0.2947033643722534;-0.1029471606016159;0.4489981234073639;0.34506261348724365;0.07298153638839722;0.44361406564712524;0.3389177918434143;-0.21083597838878632;0.4468080401420593;0.4538618326187134;0.08811596035957336;0.4389864504337311;0.45412328839302063;-0.2431323528289795;0.4420098066329956;0.5326957106590271;0.09228988736867905;0.44178512692451477;0.5334144234657288;-0.09235530346632004;0.449346125125885;0.6716155409812927;0.14556917548179626;0.4463946521282196;0.6818814873695374;-0.03878806531429291;0.4700890153646469;0.27353990375995635;-0.0904109925031662;0.4539889544248581;0.5568526089191437;0.01781643053982407;0.46015023440122604;0.5663818120956421;-0.2339988350868225;0.453266700108846;0.8119546175003052;0.21874141693115234;0.45247546831766766;0.8342355489730835;0.011997967958450317;vertical;lado
0.33;0.47265517711639404;0.29485705494880676;-0.10118840634822845;0.4481334388256073;0.3454604148864746;0.0740877091884613;0.44461244344711304;0.3394872844219208;-0.20901378989219666;0.4444892406463623;0.4537593722343445;0.08911307901144028;0.43888115882873535;0.45411059260368347;-0.2399948239326477;0.4396442472934723;0.5326334834098816;0.09239673614501953;0.44147977232933044;0.533282995223999;-0.09246361255645752;0.4488908052444458;0.6713522672653198;0.14512991905212402;0.446410596370697;0.6815282106399536;-0.03917022794485092;0.4701389342546463;0.27389455437660215;-0.08891706299036742;0.45361363142728806;0.556602954864502;0.02010910795070231;0.4598756954073906;0.5662561506032944;-0.22762976586818695;0.45316314697265625;0.8116297920544943;0.2174889494975408;0.4525076945622762;0.8342394034067789;0.011289689689874649;vertical;lado
0.37;0.47291338443756104;0.2955576479434967;-0.10201078653335571;0.44797632098197937;0.34584373235702515;0.07196839898824692;0.44548362493515015;0.340812623500824;-0.20943006873130798;0.44326522946357727;0.4538211226463318;0.08695314824581146;0.4386977553367615;0.45423978567123413;-0.24056033790111542;0.43776577711105347;0.5325464010238647;0.09217701107263565;0.4408431649208069;0.5332490801811218;-0.09224739670753479;0.4478590190410614;0.6705740690231323;0.14494550228118896;0.446413516998291;0.6809203028678894;-0.0383012592792511;0.47027971148490905;0.2747267484664917;-0.09014574978500604;0.45351776480674744;0.5566521435976028;0.019649879774078727;0.4596826955676079;0.5663179010152817;-0.2279798611998558;0.4529792169729869;0.8104937672615051;0.218154047926267;0.4533038040002187;0.8336456219355265;0.013029692073663076;sentandose;lado
0.4;0.47326406836509705;0.297522634267807;-0.10153225064277649;0.4473186433315277;0.34649041295051575;0.07181018590927124;0.44743698835372925;0.3420819640159607;-0.20729677379131317;0.4411308765411377;0.45472341775894165;0.08719547092914581;0.43870440125465393;0.4552648663520813;-0.23999883234500885;0.43411025404930115;0.5321535468101501;0.09090319275856018;0.43941688537597656;0.5330119132995605;-0.09096770733594894;0.445712685585022;0.6699113845825195;0.13826879858970642;0.4464113116264343;0.6790127158164978;-0.03956020623445511;0.47073049247264864;0.27679545283317564;-0.08966972641646861;0.4530247896909714;0.557536706328392;0.02533143083564937;0.45961395651102066;0.5675514787435532;-0.2308516725897789;0.4525280296802521;0.8100078503290812;0.20584912101427713;0.45401476820309955;0.8319348891576132;0.006191687037547429;sentandose;lado
0.43;0.4737513065338135;0.30069392919540405;-0.09527868032455444;0.4473605155944824;0.3515163064002991;0.0765233114361763;0.44867026805877686;0.3458251655101776;-0.20295678079128265;0.44113561511039734;0.4581124186515808;0.09476816654205322;0.4389963746070862;0.45702436566352844;-0.23538120090961456;0.43145906925201416;0.5327395796775818;0.0904466062784195;0.4368042051792145;0.5330713391304016;-0.09050797671079636;0.44546306133270264;0.6699102520942688;0.12399720400571823;0.44642215967178345;0.6778792142868042;-0.04952942207455635;0.47100660800933836;0.2802711546421051;-0.08330314960330724;0.45311637967824936;0.5598763674497604;0.03909826651215553;0.4596310183405876;0.5698594599962234;-0.22990846261382103;0.4524724980195363;0.8107815186182658;0.1785788337389628;0.4544007182121277;0.8318343162536621;-0.014701517298817635;sentandose;lado
0.47;0.4743218421936035;0.3071287274360657;-0.12169015407562256;0.4473937153816223;0.3587387502193451;0.05524982139468193;0.44958004355430603;0.35491350293159485;-0.223970428109169;0.44092071056365967;0.46524032950401306;0.08194614946842194;0.43986836075782776;0.46659165620803833;-0.2511829733848572;0.4297158122062683;0.5360768437385559;0.09044057875871658;0.4334561228752136;0.53855961561203;-0.09050427377223969;0.44557639956474304;0.6700082421302795;0.147038534283638;0.4463946223258972;0.6786943078041077;-0.04564467817544937;0.4714719921350479;0.2863064169883728;-0.10993252359330655;0.453844353556633;0.5619902163743973;0.031129769049584866;0.45982252806425095;0.5771376192569733;-0.23933450877666473;0.45229734977086383;0.8097643256187439;0.23184156914552054;0.45479047298431396;0.8326491713523865;-0.004272829120357831;sentandose;lado
0.5;0.47514718770980835;0.31620898842811584;-0.1203947588801384;0.4470713138580322;0.3660091459751129;0.05446680635213852;0.45070594549179077;0.36585733294487;-0.22624458372592926;0.4389161467552185;0.46858638525009155;0.082405224442482;0.4417915344238281;0.47476333379745483;-0.250129371881485;0.42556676268577576;0.5428101420402527;0.09043078869581223;0.4291633665561676;0.5487996339797974;-0.09049510210752487;0.4457073211669922;0.6704617738723755;0.1535973995923996;0.4464282989501953;0.679886519908905;-0.024084964767098427;0.4720877707004547;0.2950565814971924;-0.10821964181959629;0.45435528457164764;0.5600956380367279;0.029719379730522633;0.4606762081384659;0.5791012048721313;-0.2172917164862156;0.45263675848642987;0.8101728757222494;0.2387131949265798;0.45481064915657043;0.8341826399167379;0.04544792138040066;sentandose;lado
0.53;0.4756881296634674;0.3240094780921936;-0.11754808574914932;0.44708752632141113;0.3755970001220703;0.055360402911901474;0.45184916257858276;0.3774528503417969;-0.22474737465381622;0.4391195774078369;0.4810064733028412;0.08317042142152786;0.44454309344291687;0.4902549386024475;-0.24842791259288788;0.42411914467811584;0.5510864853858948;0.09037996083498001;0.4259140193462372;0.5558456182479858;-0.09044166654348373;0.4459021985530853;0.6721593141555786;0.15498237311840057;0.44908806681632996;0.6798915863037109;-0.019148847088217735;0.4724877208471298;0.3038272947072983;-0.10530087910592556;0.45430809259414673;0.5670721381902695;0.030619412194937468;0.4620916396379471;0.5898614376783371;-0.21579788625240326;0.4527571002642314;0.8106828927993774;0.24566268920898438;0.4544168214003245;0.8331239024798075;0.06078951060771942;sentandose;lado
0.57;0.4763259291648865;0.3389908969402313;-0.1142757460474968;0.44665583968162537;0.3892202079296112;0.05424026399850845;0.4527994990348816;0.3904445767402649;-0.21991035342216492;0.43860122561454773;0.49604493379592896;0.08305627107620239;0.4457249939441681;0.5029574632644653;-0.2390705645084381;0.420414000749588;0.5606923699378967;0.0873057171702385;0.4233304262161255;0.5665307641029358;-0.08734464645385742;0.44860634207725525;0.6747243404388428;0.14190945029258728;0.45279255509376526;0.6802847385406494;-0.02381155639886856;0.47289659678936;0.3184264004230499;-0.10125406794250011;0.4540587291121483;0.578824058175087;0.03354133293032646;0.46395017206668854;0.6031274795532227;-0.21534093469381332;0.45286380251248676;0.8121895591417948;0.22548759977022806;0.4540594319502513;0.8306204676628113;0.04953859684367975;sentandose;lado
0.6;0.47661536931991577;0.3537873923778534;-0.13243070244789124;0.4466049373149872;0.40534982085227966;0.030987098813056946;0.4529847204685211;0.4084920585155487;-0.2349528968334198;0.43610289692878723;0.5096648931503296;0.06415530294179916;0.4454168677330017;0.5190330147743225;-0.2615070044994354;0.41911759972572327;0.569800078868866;0.08730577677488327;0.42171549797058105;0.5777891874313354;-0.0873652920126915;0.4541756510734558;0.6747906804084778;0.16540071368217468;0.4565849304199219;0.6841860413551331;-0.006098995916545391;0.4732601702213287;0.3333231121301651;-0.12021258473396301;0.45232121646404266;0.6027513593435287;0.02113378793001175;0.46588823944330215;0.6231642514467239;-0.24873397126793861;0.4532925883928935;0.8097864786783854;0.285403033097585;0.453373779853185;0.8306435545285543;0.09605217228333156;sentandose;lado
0.63;0.47657305002212524;0.365643173456192;-0.12519071996212006;0.44582659006118774;0.41572871804237366;0.03581705316901207;0.45321014523506165;0.421591192483902;-0.23147395253181458;0.431894451379776;0.5150005221366882;0.06983111798763275;0.4452630579471588;0.5315496325492859;-0.25543928146362305;0.4147236943244934;0.5753414034843445;0.08575893938541412;0.41801050305366516;0.5836054682731628;-0.08579395711421967;0.45540204644203186;0.6747891306877136;0.1668211966753006;0.4593241810798645;0.6846465468406677;-0.023568816483020782;0.47322322726249694;0.3474988222122192;-0.11335885040462017;0.44457194209098816;0.6152880042791367;0.037072557024657726;0.46674904972314835;0.6366709172725677;-0.2444538176059723;0.45105231801668805;0.8022525906562805;0.28925923506418866;0.45207398136456806;0.8291934728622437;0.057212356477975845;sentandose;lado
0.67;0.4763909876346588;0.37942755222320557;-0.1108822226524353;0.44586169719696045;0.43128320574760437;0.04782448336482048;0.4529530107975006;0.4361996352672577;-0.2181142419576645;0.43232035636901855;0.5312015414237976;0.08538085222244263;0.44523242115974426;0.5440489649772644;-0.24557235836982727;0.4119316041469574;0.5838949084281921;0.08604157716035843;0.4144248962402344;0.5924062132835388;-0.08608367294073105;0.4605971574783325;0.6740750670433044;0.16808171570301056;0.46377140283584595;0.6844189763069153;-0.05871659517288208;0.47260149717330935;0.36197044849395754;-0.09869716167449952;0.4506114721298218;0.6348520368337631;0.05206122901290655;0.46990978717803955;0.6479230374097824;-0.2409340739250183;0.450326273838679;0.7984215219815572;0.28584449489911395;0.4521602789560954;0.8285892804463705;0.007058292006452878;sentandose;lado
0.7;0.47552037239074707;0.39490050077438354;-0.09970639646053314;0.44349226355552673;0.44579583406448364;0.0576745979487896;0.4527827501296997;0.4518826901912689;-0.2066836655139923;0.43173909187316895;0.5459353923797607;0.09285006672143936;0.4455205500125885;0.5601742267608643;-0.2356467843055725;0.4055117070674896;0.5958717465400696;0.08618894964456558;0.41005739569664;0.6029187440872192;-0.08621388673782349;0.45922550559043884;0.671233057975769;0.16394183039665222;0.46408963203430176;0.6842561364173889;-0.04698464646935463;0.47157356441020964;0.376980197429657;-0.08674296028912068;0.4517369419336319;0.6580814272165298;0.05830339342355728;0.47252076864242554;0.6614034324884415;-0.22776280343532562;0.4499185582002004;0.7975980043411255;0.2780294517676036;0.45233044028282166;0.825851837793986;0.06526491915186246;sentandose;lado
0.73;0.4739420413970947;0.4088081419467926;-0.10314828157424927;0.44217449426651;0.45846715569496155;0.05717679113149643;0.4513207674026489;0.4682994782924652;-0.20887990295886993;0.43307578563690186;0.5594040155410767;0.09318478405475616;0.4470632076263428;0.5782000422477722;-0.23334336280822754;0.40216323733329773;0.6055493950843811;0.08690978586673737;0.40541863441467285;0.6133219599723816;-0.08697599172592163;0.4594561457633972;0.6710605621337891;0.16872386634349823;0.46516942977905273;0.686369001865387;-0.051737379282712936;0.4698733925819397;0.3903414011001587;-0.09034380204975605;0.4604339152574539;0.6606886237859726;0.06621030252426863;0.475110225379467;0.6775767207145691;-0.21905987337231636;0.44907069206237793;0.799087385336558;0.287807563940684;0.452021857102712;0.8265813787778219;0.06675383945306142;sentandose;lado
0.77;0.47171685099601746;0.41904163360595703;-0.12345847487449646;0.4406779706478119;0.4722009003162384;0.04377171769738197;0.4480704963207245;0.4852212369441986;-0.2212105095386505;0.43452194333076477;0.5766565203666687;0.0821550190448761;0.4484005570411682;0.595065176486969;-0.24311435222625732;0.3994779884815216;0.6173755526542664;0.087899349629879;0.4023713171482086;0.6251544952392578;-0.08796743303537369;0.4588243365287781;0.6712011098861694;0.17260684072971344;0.4660123288631439;0.6863194108009338;-0.05987207219004631;0.46679449677467344;0.4007955759763718;-0.10927755534648895;0.46001285314559937;0.6743250638246536;0.055893161334097385;0.4770771190524101;0.6903389096260071;-0.22880029305815697;0.4492172300815582;0.8003463546435038;0.2948962251345317;0.4519650141398112;0.8257756431897482;0.06277769307295482;sentandose;lado
0.8;0.4669365882873535;0.42586076259613037;-0.120514877140522;0.43735355138778687;0.48051294684410095;0.046092767268419266;0.4437437355518341;0.48945215344429016;-0.21585316956043243;0.43494912981987;0.5858314037322998;0.08229711651802063;0.44810888171195984;0.5999323129653931;-0.23699837923049927;0.3969036042690277;0.629372775554657;0.08790475130081177;0.40193915367126465;0.6351262927055359;-0.08797597885131836;0.4585725963115692;0.6773578524589539;0.1733824908733368;0.4673275351524353;0.6893810033798218;-0.055368613451719284;0.4624285250902176;0.41024536490440366;-0.1070952381938696;0.45674729347229004;0.685514360666275;0.057722875848412514;0.4771694839000702;0.6978626400232315;-0.21891363337635994;0.4490923186143239;0.8016325235366821;0.29232844710350037;0.4518844087918599;0.8256655335426331;0.06929333508014679;sentandose;lado
0.83;0.4631993770599365;0.43346163630485535;-0.10620442777872086;0.4349544048309326;0.490225613117218;0.05624803528189659;0.43909329175949097;0.49738916754722595;-0.20272624492645264;0.4312470555305481;0.5935766100883484;0.08860436081886292;0.44402796030044556;0.6044849753379822;-0.22252897918224335;0.3948522210121155;0.6374601721763611;0.08733536303043365;0.3979257047176361;0.6441030502319336;-0.08737443387508392;0.45945972204208374;0.6793367266654968;0.15790139138698578;0.46706750988960266;0.6907250285148621;-0.057388417422771454;0.4583319008350372;0.41734173595905305;-0.09175689499825239;0.458639532327652;0.6849479377269745;0.057284168899059296;0.4769563302397728;0.700688436627388;-0.1987202949821949;0.44909948110580444;0.8048393925031027;0.2572470009326935;0.4518541594346364;0.8259087006251017;0.06627209484577179;sentandose;lado
0.87;0.4590795040130615;0.44079864025115967;-0.1073375940322876;0.4326755106449127;0.4956599175930023;0.05723033845424652;0.43252837657928467;0.502910315990448;-0.20608748495578766;0.4312249720096588;0.5976369380950928;0.08940371870994568;0.43874111771583557;0.609279990196228;-0.22806650400161743;0.3940109312534332;0.6445644497871399;0.0873715728521347;0.39541715383529663;0.6516852974891663;-0.08740165084600449;0.46174588799476624;0.6791545152664185;0.15456193685531616;0.46809121966362;0.6899585127830505;-0.06346474587917328;0.4538844645023346;0.42492758929729463;-0.09296182002872229;0.4647667109966278;0.6895966827869415;0.0533431563526392;0.4764741063117981;0.7051199078559875;-0.21001944318413734;0.44914159178733826;0.807681163152059;0.25091487169265747;0.4517061213652293;0.825571080048879;0.06342260167002678;sentandose;lado
0.9;0.4514716863632202;0.44965416193008423;-0.13874109089374542;0.42851391434669495;0.5027698874473572;0.04434552416205406;0.42527082562446594;0.5042046904563904;-0.22277770936489105;0.4316956102848053;0.599219560623169;0.07331622391939163;0.43244490027427673;0.6135488152503967;-0.25313621759414673;0.3901248574256897;0.6512941122055054;0.08740268647670746;0.38906797766685486;0.6571120023727417;-0.0874314159154892;0.4610423445701599;0.6747800707817078;0.1532224416732788;0.46702486276626587;0.6828863620758057;-0.06417784839868546;0.44797362089157106;0.4322498679161072;-0.12390217185020447;0.46850744634866714;0.6869625747203827;0.026673454558476806;0.47550471127033234;0.7086710929870605;-0.24071098864078522;0.4491701324780782;0.8087804913520813;0.24902571737766266;0.4511961241563161;0.8240659038225809;0.06661313772201538;sentandose;lado
0.93;0.4453447163105011;0.4537145793437958;-0.12850259244441986;0.4241388440132141;0.5062386393547058;0.04788242280483246;0.4191851019859314;0.5069689154624939;-0.2214345932006836;0.43030232191085815;0.6049771904945374;0.07406378537416458;0.42591649293899536;0.617094099521637;-0.25163534283638;0.38756051659584045;0.6532312035560608;0.0875338762998581;0.38408106565475464;0.6603448987007141;-0.08756215870380402;0.4605518579483032;0.6690558195114136;0.13691608607769012;0.46642619371414185;0.6772542595863342;-0.07366116344928741;0.44248237311840055;0.43518847823143003;-0.1145970445126295;0.4661293178796768;0.6822788566350937;0.033696217462420464;0.47082214057445526;0.709762692451477;-0.23885976523160934;0.4491970936457316;0.8127750953038534;0.22460928559303284;0.45115387439727783;0.8241787354151408;0.05744495242834091;sentandose;lado
0.97;0.441846638917923;0.45612362027168274;-0.10103005170822144;0.41706395149230957;0.5055388808250427;0.07480213046073914;0.4153083860874176;0.5108998417854309;-0.20717744529247284;0.42526817321777344;0.6020482778549194;0.10186087340116501;0.4192943572998047;0.6167905330657959;-0.23062686622142792;0.382008820772171;0.6535875797271729;0.08909402042627335;0.3821147084236145;0.6625737547874451;-0.08908679336309433;0.45664122700691223;0.6677690148353577;0.14407260715961456;0.4646674692630768;0.6773428320884705;-0.06819678097963333;0.4382725268602371;0.43601214587688447;-0.08451293390244245;0.46159960329532623;0.6757072508335114;0.0436707129701972;0.4620765745639801;0.7070553004741669;-0.20182373374700546;0.44899271925290424;0.812963585058848;0.2384749154249827;0.45131417115529376;0.8250601689020792;0.0618668831884861;sentandose;lado
1.0;0.4373203217983246;0.4510849714279175;-0.11591792851686478;0.41193687915802;0.5022958517074585;0.06687608361244202;0.41155681014060974;0.5105647444725037;-0.21196348965168;0.42039754986763;0.5946044921875;0.09642133116722107;0.4135302007198334;0.6157193779945374;-0.2326820194721222;0.3798467814922333;0.649042010307312;0.08957196772098541;0.38143399357795715;0.6625737547874451;-0.08957208693027496;0.45213693380355835;0.6632522344589233;0.16113708913326263;0.46330609917640686;0.6800503134727478;-0.06492229551076889;0.4335035800933838;0.43256381154060364;-0.09816577881574631;0.45479168742895126;0.6575315594673157;0.039959865156561136;0.45458073168992996;0.7062944322824478;-0.21119269728660583;0.4484901825586955;0.8117136756579081;0.26901793479919434;0.45123835404713947;0.8276118238766988;0.07735917468865712;sentandose;lado
1.03;0.4316078722476959;0.4487389624118805;-0.10666555911302567;0.40536773204803467;0.500571072101593;0.0714716762304306;0.40625014901161194;0.510084867477417;-0.21091784536838531;0.41244131326675415;0.591782808303833;0.10154113173484802;0.40569862723350525;0.6157954931259155;-0.2345585972070694;0.37815791368484497;0.6492336988449097;0.0896885022521019;0.37957775592803955;0.6642176508903503;-0.0896831601858139;0.45030477643013;0.6615176796913147;0.15595512092113495;0.461836040019989;0.6802103519439697;-0.06732720136642456;0.42757490277290344;0.43004011511802676;-0.08959292229264974;0.44960083067417145;0.6529473811388016;0.043173891957849264;0.44740504771471024;0.70524100959301;-0.2126390002667904;0.44794727365175885;0.8091688354810079;0.25545453031857807;0.4510507384936015;0.8269094427426656;0.07569845517476399;sentandose;lado
1.07;0.4245237708091736;0.4490126669406891;-0.13035821914672852;0.40159210562705994;0.4988807141780853;0.05848607048392296;0.3995852470397949;0.5082414150238037;-0.226898655295372;0.4110727608203888;0.5891600847244263;0.09970106184482574;0.3992250859737396;0.6146458387374878;-0.26194509863853455;0.378490149974823;0.6482494473457336;0.0896933451294899;0.37773481011390686;0.6662693023681641;-0.08968768268823624;0.4508093297481537;0.6619437336921692;0.14189594984054565;0.4595649540424347;0.6827360987663269;-0.08161374926567078;0.4213267475366592;0.42957266569137575;-0.11431099995970725;0.44705110788345337;0.6409311890602112;0.04273195564746857;0.44059542566537857;0.7073582410812378;-0.26089800894260406;0.4477456410725911;0.8081425627072653;0.2345645229021708;0.45100093881289166;0.8266976873079935;0.061517550299564995;sentandose;lado
1.1;0.42161625623703003;0.4468057453632355;-0.1167110875248909;0.39857324957847595;0.499717652797699;0.06769908219575882;0.3941499888896942;0.5061691999435425;-0.21766877174377441;0.404241144657135;0.589297354221344;0.11200892180204391;0.3922944962978363;0.6147662401199341;-0.2562427520751953;0.37750688195228577;0.6511713266372681;0.089675672352314;0.3773033320903778;0.6684828996658325;-0.08967229723930359;0.4505811333656311;0.6608051657676697;0.13670699298381805;0.4596332609653473;0.6809288859367371;-0.07886088639497757;0.41765306890010834;0.4283013015985489;-0.10063718762248755;0.43735718727111816;0.641544759273529;0.06958892289549112;0.4330638125538826;0.7089597880840302;-0.24552692845463753;0.44753319025039673;0.8079522848129272;0.2209374854962031;0.4508847196896871;0.8231467008590698;0.06504101554552714;sentandose;lado
1.13;0.41701334714889526;0.4454617500305176;-0.11367008090019226;0.39548391103744507;0.4992217719554901;0.07067719846963882;0.38864797353744507;0.5044665932655334;-0.2150256484746933;0.4003192186355591;0.5883300304412842;0.11579658091068268;0.38794445991516113;0.6138647198677063;-0.2521408796310425;0.3780052959918976;0.6517994999885559;0.0898798480629921;0.3767772316932678;0.6690846681594849;-0.0898829773068428;0.4510341286659241;0.6600853800773621;0.135137140750885;0.4590396285057068;0.6795052289962769;-0.08557810634374619;0.4134877800941467;0.42730516493320464;-0.09789035469293594;0.4318873807787895;0.638398215174675;0.07073054276406765;0.4286583885550499;0.7085906714200974;-0.2497003711760044;0.44763826330502826;0.8079054951667786;0.21571353574593863;0.4510393738746643;0.8219521641731262;0.057991862297058105;sentandose;lado
1.17;0.4124969244003296;0.4458804130554199;-0.09708759188652039;0.39248916506767273;0.4996122717857361;0.07243900746107101;0.38547536730766296;0.5040140151977539;-0.20494675636291504;0.39873263239860535;0.5883001685142517;0.1151423528790474;0.3849969804286957;0.614030659198761;-0.24306468665599823;0.37863093614578247;0.650990903377533;0.08904046565294266;0.3765797019004822;0.6683887243270874;-0.08903577923774719;0.45119717717170715;0.6585331559181213;0.13028539717197418;0.45887136459350586;0.6778228878974915;-0.08450695872306824;0.4099800318479538;0.427675399184227;-0.08246000651270151;0.43280496448278427;0.6404202580451965;0.07181051839143038;0.4259530380368233;0.7088591903448105;-0.24477940425276756;0.4474070469538371;0.8062118093172709;0.20745952924092612;0.4516508877277374;0.8216957251230875;0.052450930078824363;sentandose;lado
1.2;0.40887221693992615;0.44717681407928467;-0.09624184668064117;0.386458158493042;0.498235285282135;0.07021089643239975;0.38239818811416626;0.5031377673149109;-0.20411156117916107;0.39237868785858154;0.5879520177841187;0.11080597341060638;0.38126784563064575;0.6130246520042419;-0.24322395026683807;0.37835484743118286;0.651348888874054;0.08800015598535538;0.3778175115585327;0.6680161952972412;-0.08802080899477005;0.45062148571014404;0.6575593948364258;0.13466881215572357;0.4593808054924011;0.6772396564483643;-0.08034463971853256;0.4062533289194107;0.4283972680568695;-0.08199941627681255;0.4252871870994568;0.650978222489357;0.06732894293963909;0.4224035516381264;0.7080960869789124;-0.2441706620156765;0.446497122446696;0.805566648642222;0.21871610979239145;0.45211222767829895;0.8216510613759359;0.05733297268549601;sentandose;lado
1.23;0.4077043831348419;0.446588933467865;-0.08204247802495956;0.38526564836502075;0.4989868998527527;0.07918298244476318;0.37888166308403015;0.5024634599685669;-0.19695989787578583;0.39289698004722595;0.5921630859375;0.11402619630098343;0.37995460629463196;0.6120651364326477;-0.23822572827339172;0.378689706325531;0.6538457274436951;0.08803435415029526;0.3781660199165344;0.667966902256012;-0.08805514872074127;0.45071011781692505;0.6581875085830688;0.13398490846157074;0.4601374864578247;0.6742706298828125;-0.08292801678180695;0.4044395714998245;0.427755606174469;-0.06811971105635166;0.4275999516248703;0.65550397336483;0.0659453347325325;0.42037183791399;0.7085994631052017;-0.24322157353162766;0.44688422481218976;0.8074053525924683;0.21216062208016714;0.45239896575609845;0.8217328786849976;0.03929811964432398;sentandose;lado
1.27;0.4054657518863678;0.44587481021881104;-0.07987739145755768;0.3844018280506134;0.49993351101875305;0.0817384123802185;0.37665659189224243;0.5021426677703857;-0.19543057680130005;0.39027339220046997;0.595686137676239;0.11450649797916412;0.37732425332069397;0.6115196347236633;-0.23857560753822327;0.3791033923625946;0.6561405658721924;0.08812445402145386;0.3782300055027008;0.669139564037323;-0.08814644068479538;0.4531722664833069;0.6602523922920227;0.1289270967245102;0.46102970838546753;0.672370970249176;-0.08632735162973404;0.4025897026062012;0.4271718502044678;-0.06590550974942744;0.4251728653907776;0.6672480255365372;0.06618632655590773;0.417063407599926;0.7080006897449493;-0.24172137305140495;0.44800881544748944;0.8090570171674093;0.20422952870527902;0.45284485816955566;0.822423259417216;0.0327453954766194;sentandose;lado
1.3;0.40496477484703064;0.44599267840385437;-0.07099103182554245;0.38311710953712463;0.5005566477775574;0.0866151750087738;0.3757033050060272;0.5018383860588074;-0.18569397926330566;0.38806915283203125;0.5984961986541748;0.11672921478748322;0.3753747045993805;0.6111420392990112;-0.2288721203804016;0.37962982058525085;0.6583006978034973;0.08784641325473785;0.37782022356987;0.6707863211631775;-0.08786895126104355;0.45664817094802856;0.662692129611969;0.12507086992263794;0.46155276894569397;0.6716486811637878;-0.08718706667423248;0.4018545925617218;0.4270248144865036;-0.05740422150120139;0.42162158340215683;0.6759162247180939;0.06782995723187923;0.41447727382183075;0.7075801938772202;-0.2303704358637333;0.44878155986468;0.8091450134913126;0.1995113492012024;0.45274173219998676;0.8222732742627462;0.030464302748441696;sentandose;lado
1.33;0.40342164039611816;0.4464794099330902;-0.08176494389772415;0.38270047307014465;0.5003945827484131;0.0814707949757576;0.3753677308559418;0.5016472935676575;-0.1925717294216156;0.38605642318725586;0.6009546518325806;0.11501215398311615;0.37449368834495544;0.6115871071815491;-0.2334437072277069;0.38218843936920166;0.6569369435310364;0.08793990314006805;0.3773612976074219;0.6720330715179443;-0.08796019107103348;0.45746609568595886;0.6627418398857117;0.12876512110233307;0.4617743492126465;0.6720348000526428;-0.08945830911397934;0.4002673506736755;0.4270108610391617;-0.06775461472570896;0.41778410226106644;0.6815888732671738;0.062010896392166615;0.4122566059231758;0.7088557183742523;-0.24230419471859932;0.4490530590216319;0.8066934744517008;0.2077720363934835;0.4523986379305522;0.8218716979026794;0.03265098109841347;sentandose;lado
1.37;0.4028705060482025;0.4465455114841461;-0.07281001657247543;0.382863312959671;0.5000837445259094;0.08507563918828964;0.37367600202560425;0.5009464621543884;-0.18696345388889313;0.38531574606895447;0.6012431979179382;0.11773759871721268;0.3726471960544586;0.6111571192741394;-0.22721394896507263;0.38484615087509155;0.6563031673431396;0.08776124566793442;0.37748435139656067;0.6711776256561279;-0.0877779945731163;0.45915713906288147;0.6641008257865906;0.12149638682603836;0.4621921479701996;0.6716821193695068;-0.0930289775133133;0.39958440959453584;0.4269146502017975;-0.0591022609398351;0.4174761399626732;0.6861786991357803;0.07121271919459105;0.4101673886179924;0.7087576687335968;-0.22519203275442123;0.44954201579093933;0.809364914894104;0.19161576529343924;0.45213252305984497;0.822251578172048;0.024736367786924045;sentandose;lado
1.4;0.40195316076278687;0.44600623846054077;-0.07245919853448868;0.3819987177848816;0.5000853538513184;0.08695024251937866;0.373630553483963;0.5004030466079712;-0.18681424856185913;0.38200488686561584;0.600612998008728;0.11744522303342819;0.37251773476600647;0.6100928783416748;-0.22916747629642487;0.384754478931427;0.6578885316848755;0.0877821296453476;0.38099774718284607;0.6715396642684937;-0.0878005176782608;0.45919516682624817;0.66488116979599;0.12222997099161148;0.463019996881485;0.6704302430152893;-0.09252125024795532;0.3983975172042847;0.4264722794294357;-0.05856980494572781;0.41442424058914185;0.688081681728363;0.06882057245820761;0.4084302484989166;0.7094366699457169;-0.2265421785414219;0.45023231705029804;0.8098887006441752;0.19657194117705026;0.45230183005332947;0.8220898707707723;0.025610148906707764;sentandose;lado
1.43;0.40270283818244934;0.4447445273399353;-0.07667746394872665;0.382293701171875;0.5001538395881653;0.0852406695485115;0.37355655431747437;0.5003272891044617;-0.18996784090995789;0.3825361132621765;0.5999590754508972;0.11601358652114868;0.3729284703731537;0.6090793013572693;-0.23367206752300262;0.38564735651016235;0.657418966293335;0.08832418918609619;0.38240689039230347;0.6715013980865479;-0.08832427114248276;0.45963066816329956;0.6646877527236938;0.12497458606958389;0.46337661147117615;0.6698487997055054;-0.09155295044183731;0.3984776228666306;0.4255215048789978;-0.06260905036469921;0.4126896485686302;0.6873122900724411;0.0661904327571392;0.40669340640306473;0.7109476923942566;-0.24550243467092514;0.45094478130340576;0.8083451986312866;0.20190674563248953;0.4526544411977132;0.822140614191691;0.028480149805545807;sentandose;lado
1.47;0.4025258719921112;0.44385531544685364;-0.0816827118396759;0.3814390003681183;0.5000101923942566;0.08177554607391357;0.3736721873283386;0.5002825856208801;-0.1971544772386551;0.38212019205093384;0.5993989706039429;0.111280657351017;0.37296098470687866;0.6085366606712341;-0.24676018953323364;0.38564127683639526;0.6569803953170776;0.08893390744924545;0.38373318314552307;0.6716178059577942;-0.08892400562763214;0.45968469977378845;0.6640898585319519;0.13887187838554382;0.4635268747806549;0.669934093952179;-0.09031595289707184;0.39819214046001433;0.4250349134206772;-0.06767888823524118;0.4120718240737915;0.6889338046312332;0.05403395835310221;0.40485837310552597;0.7129762321710587;-0.26708368957042694;0.4509408672650655;0.8034419417381287;0.22448540230592093;0.45310383041699726;0.8224910100301107;0.033451201394200325;sentandose;lado
1.5;0.40248745679855347;0.44288161396980286;-0.08417171984910965;0.3800628185272217;0.49990323185920715;0.07878527790307999;0.37373775243759155;0.5002927184104919;-0.20135708153247833;0.3811699151992798;0.5990632176399231;0.10823123902082443;0.3735206127166748;0.6083088517189026;-0.25051650404930115;0.385562926530838;0.656690776348114;0.08904317766427994;0.3841122090816498;0.6713579297065735;-0.08902644366025925;0.4594789147377014;0.6640385389328003;0.13857848942279816;0.4635007977485657;0.6695793867111206;-0.08925724774599075;0.39785571694374083;0.4245661377906799;-0.07014569537714124;0.40966544300317764;0.6879577785730362;0.05123046785593033;0.40388568490743637;0.7143391072750092;-0.27097272872924805;0.4509351948897044;0.8024112780888876;0.2231349398692449;0.4532969792683919;0.8222817579905192;0.03539501751462618;sentandose;lado
1.53;0.40217968821525574;0.4419863522052765;-0.08747868239879608;0.37893784046173096;0.4998294711112976;0.07602851837873459;0.37398648262023926;0.5002960562705994;-0.20319290459156036;0.3801144063472748;0.5988580584526062;0.10652389377355576;0.37408533692359924;0.6075955033302307;-0.2522638142108917;0.38541340827941895;0.6563963294029236;0.0891006588935852;0.38445961475372314;0.6711102724075317;-0.08907900750637054;0.45932289958000183;0.6640320420265198;0.13497328758239746;0.4634895622730255;0.6692484021186829;-0.0889659970998764;0.39760060906410216;0.4239008814096451;-0.07351876338943839;0.4080715551972389;0.6895784288644791;0.05175424460321665;0.4032159373164177;0.7152730226516724;-0.2720007747411728;0.451313853263855;0.8027877608935038;0.22266032795111337;0.45341087381045025;0.8222971161206564;0.0344782837977012;sentandose;lado
1.57;0.4017583131790161;0.4411371350288391;-0.08816467225551605;0.3788338303565979;0.4997663199901581;0.07457824796438217;0.37384507060050964;0.5004542469978333;-0.20313580334186554;0.3798457384109497;0.5986144542694092;0.10600652545690536;0.3741529583930969;0.6072281002998352;-0.25092846155166626;0.3855358362197876;0.6553694605827332;0.08913394063711166;0.38438543677330017;0.6709048748016357;-0.08911363780498505;0.4593299329280853;0.6638855338096619;0.13067051768302917;0.463378369808197;0.669148862361908;-0.08850853145122528;0.39722339510917665;0.42312213182449343;-0.07418887680396438;0.4065730795264244;0.6891410499811172;0.052254343405365944;0.40199748426675797;0.7171643823385239;-0.26618266105651855;0.45210833350817364;0.8034280935923258;0.21506043275197348;0.4534309307734172;0.8217472036679586;0.03374752836922804;sentandose;lado
1.6;0.40138381719589233;0.44100722670555115;-0.08809807896614075;0.37913960218429565;0.4997125566005707;0.07480006664991379;0.3738553822040558;0.5005449056625366;-0.20263990759849548;0.3803173899650574;0.5984528064727783;0.10631850361824036;0.3745327591896057;0.6065056324005127;-0.24961704015731812;0.38567328453063965;0.6547492146492004;0.08919187635183334;0.38434335589408875;0.6706618666648865;-0.08917194604873657;0.4594263732433319;0.6635225415229797;0.1285090297460556;0.46333134174346924;0.6690797209739685;-0.08839599788188934;0.39697757065296174;0.4229792356491089;-0.07409386187791825;0.40583713352680206;0.6883811205625534;0.052780491299927235;0.40147601813077927;0.7174055427312851;-0.264722365885973;0.4522797664006551;0.8034521142641703;0.2126474678516388;0.45341622829437256;0.8215488990147909;0.03252319494883219;sentandose;lado
1.63;0.40135303139686584;0.4408511817455292;-0.08825739473104477;0.37914615869522095;0.49970120191574097;0.0749795064330101;0.3738718628883362;0.5005314350128174;-0.20303842425346375;0.38064512610435486;0.5983322858810425;0.10663117468357086;0.3748834729194641;0.6060600280761719;-0.2511029839515686;0.38569727540016174;0.6543437242507935;0.08950519561767578;0.38421016931533813;0.6702879667282104;-0.08948639035224915;0.4594394266605377;0.6631295680999756;0.12898650765419006;0.4632932245731354;0.6687442064285278;-0.08837839961051941;0.39693443775177;0.4227660566568375;-0.07416079891845584;0.4048549234867096;0.68614661693573;0.053242786787450314;0.4019562676548958;0.717423751950264;-0.2673414722084999;0.452821950117747;0.8029171228408813;0.21302950382232666;0.45359652241071063;0.82079549630483;0.032091315214832626;sentandose;lado
1.67;0.4013252556324005;0.4405946731567383;-0.08820901066064835;0.3792314827442169;0.4996613562107086;0.07504376024007797;0.373891144990921;0.5005471706390381;-0.20281584560871124;0.38080790638923645;0.5982851386070251;0.10683350265026093;0.37510356307029724;0.6057395339012146;-0.2514598071575165;0.3856826722621918;0.6543226838111877;0.08953475952148438;0.3842009902000427;0.6701418161392212;-0.08951543271541595;0.459536612033844;0.6626225709915161;0.12902309000492096;0.4632824957370758;0.6682096123695374;-0.0882580429315567;0.39686069786548617;0.4224407494068146;-0.07412470867857338;0.40547116100788116;0.6868199855089188;0.05329637601971626;0.40269773453474045;0.7170683890581131;-0.26987382024526596;0.4530801673730214;0.8022740681966146;0.21391684313615164;0.45382065574328107;0.8200037678082784;0.03244452551007271;sentandose;lado
1.7;0.4012150764465332;0.4404507279396057;-0.08729524165391922;0.3791469633579254;0.4995560646057129;0.07532312721014023;0.3741093873977661;0.5005394220352173;-0.20229853689670563;0.3806289732456207;0.5981082916259766;0.10697634518146515;0.37524834275245667;0.6054418683052063;-0.2506254017353058;0.38508886098861694;0.6543006896972656;0.08948156237602234;0.38435885310173035;0.6700246930122375;-0.08946026861667633;0.4595237672328949;0.6620656251907349;0.1290978342294693;0.4632665812969208;0.6675412654876709;-0.08751215040683746;0.3968174397945404;0.42229028046131134;-0.07322845468297601;0.40552617609500885;0.6878704577684402;0.053055751137435436;0.4032464623451233;0.7169450372457504;-0.268786184489727;0.4533948103586833;0.8019802769025167;0.21398881574471793;0.45436766743659973;0.819334348042806;0.03253297135233879;sentandose;lado
1.73;0.4012240767478943;0.44015008211135864;-0.08742961287498474;0.37906956672668457;0.49948132038116455;0.07538656145334244;0.37427082657814026;0.5005265474319458;-0.20227032899856567;0.3802269399166107;0.59804767370224;0.10636390745639801;0.3753509521484375;0.6053084135055542;-0.2511492371559143;0.38363757729530334;0.6543914079666138;0.08948279172182083;0.3845474421977997;0.6699715852737427;-0.0894612967967987;0.45949628949165344;0.6610999703407288;0.13298694789409637;0.46324971318244934;0.6667135953903198;-0.08632399886846542;0.39684592485427855;0.4217619299888611;-0.07335290582850576;0.40553808957338333;0.6882353872060776;0.05091022327542305;0.4036886468529701;0.7168212532997131;-0.2717864364385605;0.4534636040528615;0.8018573125203451;0.21773797273635864;0.45473499099413556;0.8176434437433878;0.03373552424212297;sentandose;lado
1.77;0.4012119472026825;0.43999627232551575;-0.08728526532649994;0.3791809678077698;0.4993723928928375;0.07550440728664398;0.3743867576122284;0.5004503726959229;-0.20199306309223175;0.38029447197914124;0.5979737639427185;0.1064547598361969;0.37541648745536804;0.6051604151725769;-0.25072988867759705;0.3830195367336273;0.6544418931007385;0.08941930532455444;0.38467127084732056;0.6698386669158936;-0.08939560502767563;0.459466814994812;0.6604259610176086;0.13421672582626343;0.46323081851005554;0.6662982106208801;-0.08528557419776917;0.3968716531991959;0.42139396965503695;-0.07323360415175557;0.4054883271455765;0.6860922127962112;0.0512015400454402;0.403971403837204;0.7165476232767105;-0.27149002254009247;0.45374739170074463;0.8020079930623373;0.21908938884735107;0.4551219642162323;0.8171117901802063;0.03526352532207966;sentandose;lado
1.8;0.4011287987232208;0.43989914655685425;-0.08406422287225723;0.3792475163936615;0.49905523657798767;0.0805736780166626;0.3743743896484375;0.49998390674591064;-0.1992550939321518;0.38041433691978455;0.5979483127593994;0.11093463003635406;0.3754681348800659;0.6049551367759705;-0.2493516057729721;0.3830726444721222;0.6545031070709229;0.0894840732216835;0.38463452458381653;0.669707179069519;-0.08945592492818832;0.4594820737838745;0.6602388620376587;0.133330836892128;0.4632173180580139;0.6660923361778259;-0.08564625680446625;0.396928408741951;0.42116263806819915;-0.06986374855041504;0.40597298741340637;0.6854142248630524;0.0547102140262723;0.4041546955704689;0.716363936662674;-0.26990824192762375;0.45393555363019306;0.8020681341489156;0.2188481092453003;0.45520004630088806;0.8165849447250366;0.0348696814229091;sentandose;lado
1.83;0.4012082517147064;0.43937864899635315;-0.07916959375143051;0.37935853004455566;0.4985446631908417;0.08441007137298584;0.374440997838974;0.49939584732055664;-0.19600245356559753;0.38057464361190796;0.5978929996490479;0.1136445626616478;0.37548452615737915;0.6046209931373596;-0.2457117885351181;0.3830517530441284;0.6544931530952454;0.0895945280790329;0.38468071818351746;0.6693070530891418;-0.08956052362918854;0.4594939351081848;0.660012423992157;0.1322743445634842;0.4632112383842468;0.665957510471344;-0.08612315356731415;0.39702523648738863;0.4206610321998596;-0.06487281005829573;0.4061449319124222;0.6869771778583527;0.05704959109425545;0.40428978204727173;0.716012492775917;-0.2672087550163269;0.453988512357076;0.8021213412284851;0.2167975107828776;0.45523207386334735;0.8173296848932902;0.033502841368317604;sentandose;lado
1.87;0.40127772092819214;0.4384614825248718;-0.08046608418226242;0.3793792128562927;0.4981035590171814;0.08313338458538055;0.374474436044693;0.498934805393219;-0.19651219248771667;0.3806774616241455;0.5978793501853943;0.11296757310628891;0.3755606412887573;0.6044725179672241;-0.2458587884902954;0.3830820918083191;0.6544322967529297;0.08960425108671188;0.38480058312416077;0.6688668727874756;-0.0895695611834526;0.45954111218452454;0.6599716544151306;0.13181036710739136;0.4632340967655182;0.6659744381904602;-0.0860753059387207;0.39707895517349245;0.42000665664672854;-0.06621852773241699;0.40630320459604263;0.685903862118721;0.056953213177621365;0.40438614785671234;0.7159384936094284;-0.2669392451643944;0.45401374499003094;0.8021273612976074;0.2164494146903356;0.4552718202273051;0.818686823050181;0.03346335949997107;sentandose;lado
1.9;0.4013383388519287;0.43781283497810364;-0.08024989068508148;0.3794987201690674;0.4979442358016968;0.08275891095399857;0.3745451271533966;0.4987691044807434;-0.19586066901683807;0.38086581230163574;0.5978139638900757;0.11255162954330444;0.3758836090564728;0.6044694781303406;-0.24490182101726532;0.38310497999191284;0.654433012008667;0.0895647183060646;0.38495200872421265;0.6687834858894348;-0.08952824771404266;0.4596026539802551;0.6598412990570068;0.13104771077632904;0.46323925256729126;0.6658685207366943;-0.08591510355472565;0.39718257784843447;0.41953239440917967;-0.06601811037398875;0.40639227628707886;0.6855364888906479;0.056895471177995205;0.40444669127464294;0.7158707678318024;-0.2661326564848423;0.4540622631708781;0.8021048506100973;0.21548382937908173;0.45529865225156146;0.8188678026199341;0.03337678126990795;sentandose;lado
1.93;0.4015716314315796;0.4372968077659607;-0.08046729862689972;0.379931777715683;0.4978286325931549;0.08282078802585602;0.3746555745601654;0.4986627995967865;-0.19616307318210602;0.38116154074668884;0.5977632999420166;0.11267156153917313;0.3761201500892639;0.6044504046440125;-0.24503782391548157;0.3832836151123047;0.6544265151023865;0.08972245454788208;0.3851669728755951;0.668556809425354;-0.08968077600002289;0.45975250005722046;0.6598455309867859;0.13001638650894165;0.4632912278175354;0.6658371686935425;-0.08621697872877121;0.39740372002124785;0.4192047595977783;-0.06623907932080328;0.40672776103019714;0.6870956718921661;0.056842475198209286;0.40449902415275574;0.7156741470098495;-0.2662680521607399;0.45410842696825665;0.8020821015040079;0.2147216002146403;0.45529141028722125;0.8199324210484823;0.03184286939601103;sentandose;lado
1.97;0.40232497453689575;0.4368226230144501;-0.07907058298587799;0.3806421458721161;0.4978187680244446;0.08399463444948196;0.37507164478302;0.49845901131629944;-0.19503851234912872;0.3815581202507019;0.5975111722946167;0.11386116594076157;0.37636110186576843;0.603976845741272;-0.24439620971679688;0.3833774924278259;0.6544219851493835;0.08969596773386002;0.3854537606239319;0.6682307720184326;-0.08965088427066803;0.4597901403903961;0.6597738862037659;0.12820245325565338;0.4632992744445801;0.6657567620277405;-0.08633284270763397;0.3979447513818741;0.41905397474765776;-0.06489626090042293;0.407479427754879;0.6874791830778122;0.0591405788436532;0.40453657507896423;0.7153826653957367;-0.26613181456923485;0.4541509250799815;0.8020258943239847;0.2118000586827596;0.4553002417087555;0.8200909892717997;0.029232187817494076;sentandose;lado
2.0;0.40335291624069214;0.43621382117271423;-0.07914727926254272;0.38236215710639954;0.4978089928627014;0.08484935760498047;0.37522923946380615;0.49835410714149475;-0.19529025256633759;0.3824883997440338;0.5972996354103088;0.1147143766283989;0.3764244616031647;0.6036001443862915;-0.24452263116836548;0.3844192326068878;0.6543933153152466;0.08989317715167999;0.38532668352127075;0.6681968569755554;-0.08983837813138962;0.4599876403808594;0.6593578457832336;0.12818151712417603;0.4633244276046753;0.66572105884552;-0.08710405975580215;0.39866666197776796;0.4187781661748886;-0.06490489987190813;0.40846285969018936;0.6874579042196274;0.05882268585264683;0.40457574278116226;0.7149204313755035;-0.26689498126506805;0.4541710615158081;0.8018274704615275;0.21199900408585867;0.455307940642039;0.8203197916348776;0.026698697979251545;sentandose;lado
2.03;0.4040256142616272;0.4362547993659973;-0.07948241382837296;0.3823181092739105;0.4971894323825836;0.0846654400229454;0.3760136067867279;0.4977063238620758;-0.1955280601978302;0.38189226388931274;0.5967902541160583;0.1120893582701683;0.3764297664165497;0.6029494404792786;-0.2453039586544037;0.3846169710159302;0.6540039777755737;0.09008757770061493;0.3853129744529724;0.6679794192314148;-0.09003216028213501;0.4601207971572876;0.6577510237693787;0.13476330041885376;0.46344247460365295;0.6656718850135803;-0.08717330545186996;0.3994970053434372;0.4187465876340866;-0.06526198321953416;0.4082177206873894;0.6885241866111755;0.0519102243706584;0.40460650622844696;0.7141174823045731;-0.26722302287817;0.4540716310342153;0.8000114560127258;0.22171295682589212;0.45570122202237445;0.8197901447614034;0.02346937855084737;sentandose;lado
2.07;0.4046008288860321;0.4362940192222595;-0.08157586306333542;0.3822779357433319;0.4965618848800659;0.08249843120574951;0.37687358260154724;0.49738550186157227;-0.19821715354919434;0.38105344772338867;0.59651118516922;0.10841308534145355;0.37646040320396423;0.6025717854499817;-0.2485765814781189;0.384588360786438;0.653764009475708;0.09023773670196533;0.38533204793930054;0.6678968667984009;-0.09018412977457047;0.46029022336006165;0.65639728307724;0.13951484858989716;0.4636688232421875;0.665627121925354;-0.08665275573730469;0.4002049952745438;0.4187473714351654;-0.06690595187246799;0.40769005566835403;0.6891109198331833;0.04725724831223488;0.40466945618391037;0.7137932926416397;-0.2700035125017166;0.4538969099521637;0.7983255386352539;0.2267732471227646;0.4559619228045146;0.8193283279736837;0.025048199420173962;sentandose;lado
2.1;0.4051758050918579;0.43632692098617554;-0.08320391178131104;0.3822644352912903;0.4962918162345886;0.0817343071103096;0.3771640360355377;0.4973469078540802;-0.1997850239276886;0.38105273246765137;0.59641432762146;0.10830937325954437;0.3765149414539337;0.6025320887565613;-0.2507396936416626;0.3846403658390045;0.6534023284912109;0.0903249979019165;0.3853256404399872;0.6678627729415894;-0.09026962518692017;0.4606363773345947;0.6555213332176208;0.1408294141292572;0.4639202356338501;0.6646016836166382;-0.08664576709270477;0.40075106024742124;0.418744096159935;-0.06836274988017976;0.4083131477236748;0.6893929094076157;0.04767479561269283;0.4047231897711754;0.7136508077383041;-0.273727610707283;0.45382986466089886;0.7972122033437093;0.22875693440437317;0.456098606189092;0.8188106417655945;0.02518021936217944;sentandose;lado
2.13;0.4057733416557312;0.4363381564617157;-0.08725345134735107;0.38235750794410706;0.49613821506500244;0.07861017435789108;0.37759101390838623;0.49735787510871887;-0.20312198996543884;0.3810628354549408;0.5963108539581299;0.10685533285140991;0.37684139609336853;0.6025416851043701;-0.25447630882263184;0.3847343623638153;0.6527568697929382;0.0903751328587532;0.38531070947647095;0.6677777767181396;-0.09032048285007477;0.460943341255188;0.654579222202301;0.1454937756061554;0.4641265571117401;0.66387939453125;-0.08739259839057922;0.40129237771034243;0.4187432825565338;-0.07245570831000805;0.40895841270685196;0.689563199877739;0.04718198720365763;0.4047429785132408;0.7135603576898575;-0.27835436910390854;0.453608105580012;0.7954474091529846;0.2372396538654963;0.4561564425627391;0.8186766505241394;0.02241336399068435;sentandose;lado
2.17;0.4061923921108246;0.4364514648914337;-0.08844134211540222;0.382465124130249;0.49600398540496826;0.07813341170549393;0.37796223163604736;0.49739187955856323;-0.20402750372886658;0.38117465376853943;0.5963003039360046;0.10690515488386154;0.3772100806236267;0.6026365756988525;-0.2558668553829193;0.3849061131477356;0.6522852182388306;0.09045910090208054;0.38529172539711;0.6676954627037048;-0.09040530025959015;0.46120885014533997;0.6537759304046631;0.148652583360672;0.4644182026386261;0.6631178259849548;-0.08867715299129486;0.4017571836709976;0.41877091825008395;-0.07355376584455371;0.4097851291298866;0.6899334490299225;0.047229948453605175;0.40476323664188385;0.7135471254587173;-0.2808951810002327;0.453524778286616;0.7944209376970927;0.24173164864381155;0.45623687903086346;0.8183273871739706;0.020518766716122627;sentandose;lado
2.2;0.4064614772796631;0.4364728033542633;-0.08835635334253311;0.3824344873428345;0.49541619420051575;0.07790695875883102;0.37850919365882874;0.4973044693470001;-0.2040521800518036;0.38118037581443787;0.5960924625396729;0.10656870901584625;0.3776730000972748;0.6026449799537659;-0.25610747933387756;0.3848857283592224;0.6517974138259888;0.09046763181686401;0.3853239119052887;0.6672686338424683;-0.09041498601436615;0.46132394671440125;0.6532612442970276;0.14961497485637665;0.46477192640304565;0.6625931262969971;-0.08857279270887375;0.4020810067653656;0.41875497400760653;-0.07341957110911608;0.410081222653389;0.6903186738491058;0.04732717573642731;0.40477968007326126;0.7135359942913055;-0.28072383254766464;0.4534357984860738;0.7939163645108541;0.2425032357374827;0.45637521147727966;0.8179783821105957;0.021674216104050476;sentandose;lado
2.23;0.4068169891834259;0.43647822737693787;-0.08792036026716232;0.38264212012290955;0.49512597918510437;0.07843897491693497;0.3787679970264435;0.4971100389957428;-0.20379352569580078;0.38134923577308655;0.5957322716712952;0.10749054700136185;0.3778160512447357;0.6024989485740662;-0.2551506459712982;0.3849338889122009;0.6514565944671631;0.09047263860702515;0.3853135108947754;0.6668605804443359;-0.09041955322027206;0.46155229210853577;0.653166651725769;0.14793118834495544;0.46488258242607117;0.6623143553733826;-0.08802288770675659;0.4024262934923172;0.41870884597301483;-0.07283650329336525;0.41038838773965836;0.6903303116559982;0.04858534783124924;0.40479470789432526;0.7134431004524231;-0.2796052172780037;0.4534631371498108;0.7938190897305807;0.2390484263499578;0.4565512041250865;0.8174444834391276;0.02416386952002843;sentandose;lado
2.27;0.4072210192680359;0.43649330735206604;-0.08348076045513153;0.3830738365650177;0.4949871897697449;0.08273971080780029;0.3789655566215515;0.4969441592693329;-0.20162232220172882;0.38157668709754944;0.5953815579414368;0.11232754588127136;0.37791186571121216;0.6022695899009705;-0.25364458560943604;0.3852415382862091;0.6512386202812195;0.0905248299241066;0.38530731201171875;0.6667125225067139;-0.09046836942434311;0.46180978417396545;0.6532342433929443;0.13622388243675232;0.4649146497249603;0.6622311472892761;-0.08804035931825638;0.40282224118709564;0.4186371833086014;-0.06838821987621486;0.41096117347478867;0.6902760714292526;0.05505210626870394;0.4048420563340187;0.7133843153715134;-0.27814365923404694;0.4536729355653127;0.7941872278849283;0.22007768352826437;0.4568231999874115;0.8170372247695923;0.025565532967448235;sentandose;lado
2.3;0.40748509764671326;0.43646395206451416;-0.08187662065029144;0.3842226564884186;0.49500879645347595;0.08317697048187256;0.3792465925216675;0.49679476022720337;-0.19909781217575073;0.3845295310020447;0.5953785181045532;0.11305246502161026;0.3782670497894287;0.6021804213523865;-0.2509675920009613;0.38601431250572205;0.6512086987495422;0.0904410257935524;0.38550907373428345;0.666638970375061;-0.09038525819778442;0.46211549639701843;0.6532280445098877;0.13645726442337036;0.4651092290878296;0.662016749382019;-0.08786884695291519;0.40317592918872835;0.41854929029941557;-0.06697272565215825;0.412110798060894;0.6902172118425369;0.056883967481553555;0.40485791862010956;0.7133242934942245;-0.27605824917554855;0.45383479197820026;0.7939638098080953;0.22039757668972015;0.45721514026323956;0.8163517912228903;0.028093257918953896;sentandose;lado
2.33;0.40794721245765686;0.4363410174846649;-0.08311371505260468;0.3845857083797455;0.49500948190689087;0.08300164341926575;0.379995733499527;0.49674561619758606;-0.19961018860340118;0.38553163409233093;0.595470130443573;0.11286129802465439;0.3794277608394623;0.602169930934906;-0.25210973620414734;0.38598594069480896;0.6512125134468079;0.09043615311384201;0.3861161768436432;0.6663383841514587;-0.0903802216053009;0.4623572528362274;0.653244137763977;0.13759711384773254;0.4654911458492279;0.661753237247467;-0.08745136111974716;0.4035468459129333;0.4183973968029022;-0.0681222870014608;0.41265804320573807;0.6902149170637131;0.05652612168341875;0.4050002843141556;0.713206335902214;-0.27846743166446686;0.45396403471628827;0.7940246860186259;0.22091334561506906;0.45736877123514813;0.8162625034650167;0.029011782879630726;sentandose;lado
2.37;0.40825605392456055;0.4359598159790039;-0.0829363763332367;0.38465845584869385;0.4946877360343933;0.08311298489570618;0.38072511553764343;0.49617305397987366;-0.1995469331741333;0.38547492027282715;0.5953441858291626;0.11271439492702484;0.3799244165420532;0.6019157767295837;-0.25211575627326965;0.38588833808898926;0.6512098908424377;0.09043782949447632;0.38666191697120667;0.66573166847229;-0.09038175642490387;0.4623744785785675;0.653290331363678;0.13765761256217957;0.46562302112579346;0.6617462038993835;-0.0862804725766182;0.403813910484314;0.4179694205522537;-0.06794298491440713;0.41264770925045013;0.6901903003454208;0.055938588455319405;0.405201256275177;0.7130669206380844;-0.2786460369825363;0.454061895608902;0.7940999070803324;0.22205626467863718;0.4574953416983287;0.8162262042363485;0.0311221598337094;sentandose;lado
2.4;0.40851014852523804;0.4355028569698334;-0.08311006426811218;0.38503190875053406;0.4942571818828583;0.08302050083875656;0.3809022307395935;0.49521735310554504;-0.19953295588493347;0.38528940081596375;0.595295786857605;0.11259832233190536;0.38008540868759155;0.6015509366989136;-0.25209832191467285;0.38601526618003845;0.6510609984397888;0.09039435535669327;0.3869572877883911;0.6651946902275085;-0.09033822268247604;0.462558388710022;0.653245747089386;0.13955937325954437;0.4659821093082428;0.6617182493209839;-0.08628576993942261;0.40407482385635374;0.41750334203243256;-0.06816292717121542;0.41277679055929184;0.6901763379573822;0.05572664085775614;0.40545519441366196;0.7126223295927048;-0.2783749923110008;0.4540677070617676;0.793916920820872;0.22410689294338226;0.4576511283715566;0.816061794757843;0.030585608755548794;sentandose;lado
2.43;0.4088568389415741;0.4353753328323364;-0.08353506773710251;0.3852107524871826;0.49396413564682007;0.08222611248493195;0.38119953870773315;0.4949827194213867;-0.1996084749698639;0.3851265013217926;0.5952250957489014;0.11187523603439331;0.38027921319007874;0.6011742353439331;-0.2521999180316925;0.38610437512397766;0.6510183811187744;0.09030911326408386;0.3872130811214447;0.6649496555328369;-0.09025431424379349;0.4626726508140564;0.6532599925994873;0.14035089313983917;0.4662685990333557;0.6617313623428345;-0.08590894937515259;0.40443362295627594;0.4172336161136627;-0.06858589411713183;0.4128037989139557;0.6901690363883972;0.054827768355607986;0.4057454839348793;0.7122786194086075;-0.27810245752334595;0.4540867606798808;0.7938591639200846;0.224306787053744;0.4577205578486125;0.815893312295278;0.03064255913098653;sentandose;lado
2.47;0.4089634418487549;0.43534356355667114;-0.08426984399557114;0.38531720638275146;0.49371272325515747;0.08001724630594254;0.3813348412513733;0.4945858418941498;-0.19963452219963074;0.3850265443325043;0.5952221751213074;0.10951708257198334;0.380448579788208;0.6009806990623474;-0.25207632780075073;0.3861149549484253;0.6510081887245178;0.09002746641635895;0.3874412178993225;0.6645802855491638;-0.08997564762830734;0.4626331925392151;0.6532678008079529;0.14084109663963318;0.4664604663848877;0.6617242097854614;-0.08404305577278137;0.40461075603961943;0.4170452177524567;-0.06944599617272615;0.4129074290394783;0.6901561915874481;0.05180867109447718;0.40609145164489746;0.7118947803974152;-0.27771230041980743;0.4540773034095764;0.7935590147972107;0.22447163860003153;0.45781151453653973;0.8153556783994039;0.03261155386765798;sentandose;lado
2.5;0.40910258889198303;0.4352337718009949;-0.08229046314954758;0.3854079842567444;0.4936981201171875;0.08113770931959152;0.38136735558509827;0.4942922294139862;-0.1975214034318924;0.3850287199020386;0.5952473282814026;0.11068188399076462;0.38062888383865356;0.6007270812988281;-0.2490641176700592;0.3861560821533203;0.6510893106460571;0.08981436491012573;0.3877122700214386;0.6642962098121643;-0.08976060152053833;0.462758868932724;0.653348982334137;0.13721796870231628;0.46668753027915955;0.6615208387374878;-0.08381015062332153;0.4047694981098175;0.41682009100914;-0.0675951567478478;0.4129020944237709;0.6901580393314362;0.0539059117436409;0.40640097111463547;0.7117524445056915;-0.2735536992549896;0.4542114833990733;0.7936287522315979;0.21920298039913177;0.4580200711886088;0.8145926594734192;0.032552393774191536;sentandose;lado
2.53;0.4091838300228119;0.43521955609321594;-0.08202195912599564;0.38594353199005127;0.49369877576828003;0.08154724538326263;0.38131633400917053;0.4941042363643646;-0.19693464040756226;0.3858802020549774;0.5954685211181641;0.11152485758066177;0.3806438744068146;0.6006643176078796;-0.24817126989364624;0.3867834210395813;0.6510890126228333;0.08969498425722122;0.38779309391975403;0.6639522910118103;-0.08963839709758759;0.4630369246006012;0.653412401676178;0.1350896805524826;0.4668870270252228;0.6614768505096436;-0.08393681794404984;0.4049236923456192;0.416789311170578;-0.0673905931878835;0.41385238617658615;0.6901912987232208;0.054915870539844036;0.40650779753923416;0.7117068469524384;-0.27249886840581894;0.45435892542203266;0.7936799724896749;0.21695882081985474;0.45816779136657715;0.8140478928883871;0.03224032434324423;sentandose;lado
2.57;0.4092640280723572;0.43524423241615295;-0.0815853625535965;0.3864322900772095;0.4937055706977844;0.08194008469581604;0.3812999427318573;0.4938463270664215;-0.196779265999794;0.3866928815841675;0.5956121683120728;0.11229810118675232;0.3806179463863373;0.6004466414451599;-0.24767091870307922;0.38734501600265503;0.6510926485061646;0.08966155350208282;0.3878181278705597;0.663749098777771;-0.08960527926683426;0.4633585512638092;0.6534538865089417;0.13416332006454468;0.4670056402683258;0.6613847613334656;-0.08444786816835403;0.4051360607147217;0.4167979061603546;-0.06703545637428761;0.4145835191011429;0.6901483237743378;0.056754582561552525;0.406557634472847;0.7115048915147781;-0.2708671987056732;0.4544740617275238;0.793731153011322;0.21519140402475992;0.4582687218983968;0.8137682477633158;0.03197218415637811;sentandose;lado
2.6;0.40933769941329956;0.4352503716945648;-0.08293177932500839;0.3866959810256958;0.4937132000923157;0.08031508326530457;0.38127002120018005;0.4935663938522339;-0.19735637307167053;0.3868008852005005;0.5956183075904846;0.11085008084774017;0.38064783811569214;0.6000775098800659;-0.2484981268644333;0.3878975510597229;0.6510916948318481;0.08959098905324936;0.38796377182006836;0.6636468172073364;-0.08953665941953659;0.46370595693588257;0.653465211391449;0.13769826292991638;0.46723076701164246;0.6613196134567261;-0.08450392633676529;0.4052643448114395;0.41679815351963045;-0.06849034642800689;0.4146386533975601;0.6901360154151917;0.055286213755607605;0.40671423077583313;0.7113011330366135;-0.2717808336019516;0.45455026626586914;0.7932320435841879;0.22171961764494577;0.45833929379781085;0.8134404619534811;0.03057894545296828;sentandose;lado
2.63;0.409479558467865;0.43529754877090454;-0.08263469487428665;0.3869536817073822;0.49372610449790955;0.08042959123849869;0.38124188780784607;0.49354690313339233;-0.19732429087162018;0.3870622217655182;0.5956189632415771;0.11092858761548996;0.3807685077190399;0.599931538105011;-0.24815478920936584;0.3881419599056244;0.6510935425758362;0.08956549316644669;0.3879862427711487;0.6636157631874084;-0.08951012790203094;0.4638758599758148;0.653491735458374;0.13711261749267578;0.4672657549381256;0.6611282229423523;-0.08514765650033951;0.4054380297660828;0.4167953789234161;-0.06825206587091089;0.4149327427148819;0.6900746524333954;0.055192502215504646;0.406865157186985;0.7112033814191818;-0.2715228870511055;0.454665611187617;0.7931715846061707;0.22116822004318237;0.45847291747728985;0.8132855892181396;0.027101352189977963;sentandose;lado
2.67;0.40977248549461365;0.43540430068969727;-0.08444395661354065;0.3873443305492401;0.49376997351646423;0.07880524545907974;0.38121962547302246;0.4935545325279236;-0.19869644939899445;0.3886129558086395;0.5956951379776001;0.10931755602359772;0.38104626536369324;0.5999192595481873;-0.2487674206495285;0.3887019157409668;0.6510351896286011;0.08954091370105743;0.3880426287651062;0.6635010838508606;-0.0894872322678566;0.4640142023563385;0.6535211801528931;0.13699060678482056;0.4673404395580292;0.6609939336776733;-0.08553774654865265;0.4056807041168213;0.41681317389011385;-0.07013191282749176;0.4157644659280777;0.6898512989282608;0.05377913825213909;0.4070983901619911;0.711152046918869;-0.2716864198446274;0.4549136956532796;0.7931191921234131;0.22050829728444418;0.4586477080980937;0.8129265308380127;0.02728283715744813;sentandose;lado
2.7;0.40998178720474243;0.435503214597702;-0.08470122516155243;0.3878242075443268;0.4938422441482544;0.07819775491952896;0.3812049329280853;0.4935564398765564;-0.19876520335674286;0.38965246081352234;0.5957478880882263;0.10887940227985382;0.381100058555603;0.599836528301239;-0.24882447719573975;0.3893936574459076;0.6509491205215454;0.08945730328559875;0.3880555033683777;0.663404643535614;-0.08940647542476654;0.4643213152885437;0.6535311937332153;0.13701608777046204;0.4673563838005066;0.6609929800033569;-0.08558697253465652;0.4059130072593689;0.41684008836746217;-0.07040085634216667;0.4161723032593727;0.6895385980606079;0.053444175980985165;0.4072498455643654;0.7110138237476349;-0.2712710052728653;0.455185870329539;0.7929583589235941;0.2208546648422877;0.4587250351905823;0.8128663897514343;0.027194193253914516;sentandose;lado
2.73;0.4102667272090912;0.43557843565940857;-0.08482678979635239;0.3884021043777466;0.4939602315425873;0.07802532613277435;0.3811887204647064;0.4935607314109802;-0.1988247036933899;0.3901892602443695;0.5957509875297546;0.10877534002065659;0.3811286687850952;0.5997752547264099;-0.24886761605739594;0.38999539613723755;0.6509326100349426;0.0894164890050888;0.38808315992355347;0.6634035706520081;-0.08936744928359985;0.46455255150794983;0.653495728969574;0.13855254650115967;0.46736130118370056;0.6609948873519897;-0.08559152483940125;0.4061755478382111;0.4168840885162354;-0.07051787925884127;0.41653840988874435;0.6876976788043976;0.05299118347465992;0.4074331149458885;0.7108701914548874;-0.27133678644895554;0.4555268983046214;0.7927205761273702;0.22411061326662698;0.4588801860809326;0.8128595153490702;0.027143467217683792;sentandose;lado
2.77;0.4104900658130646;0.4357123374938965;-0.08480887860059738;0.3885655403137207;0.4941226541996002;0.07777542620897293;0.38117918372154236;0.4935647249221802;-0.19884730875492096;0.38988491892814636;0.5957546234130859;0.1086820587515831;0.38132452964782715;0.5997697710990906;-0.24883238971233368;0.390110582113266;0.6509349942207336;0.08929120004177094;0.3881146311759949;0.6634107232093811;-0.0892450287938118;0.46472665667533875;0.6535190939903259;0.13853733241558075;0.4674430787563324;0.6610127687454224;-0.08581806719303131;0.40645078718662264;0.4169851064682007;-0.07050685528665782;0.4166404604911804;0.6869135349988937;0.053365166299045086;0.4077310785651207;0.7108497768640518;-0.270569808781147;0.455721249183019;0.7924074133237203;0.22399967908859253;0.45901887615521747;0.8128696878751119;0.02689840706686179;sentandose;lado
2.8;0.410685271024704;0.4359629452228546;-0.08424460142850876;0.38895362615585327;0.4943895637989044;0.07859212905168533;0.3811977803707123;0.49359333515167236;-0.1984550505876541;0.39040252566337585;0.5958501696586609;0.10998232662677765;0.3815602660179138;0.5997763276100159;-0.24864928424358368;0.3904207646846771;0.6509236693382263;0.0892871618270874;0.38825345039367676;0.6633062958717346;-0.0892404317855835;0.4648955464363098;0.653672456741333;0.13743498921394348;0.46750953793525696;0.6610114574432373;-0.08601938933134079;0.4066995531320572;0.417215958237648;-0.06990513624623418;0.41689199209213257;0.6871058940887451;0.055380912497639656;0.40795721858739853;0.7108302116394043;-0.27069948613643646;0.45594478646914166;0.7924026250839233;0.22276745239893594;0.45918222268422443;0.8128610452016195;0.026184378812710445;sentandose;lado
2.83;0.4109174311161041;0.4360409379005432;-0.08327800780534744;0.38907790184020996;0.4945642054080963;0.07964788377285004;0.38158413767814636;0.49359697103500366;-0.1979098618030548;0.39033180475234985;0.5956549048423767;0.11109370738267899;0.38181978464126587;0.5995677709579468;-0.2483941912651062;0.3904663622379303;0.6509094834327698;0.08927816897630692;0.3884700536727905;0.6632782816886902;-0.0892295092344284;0.4650021195411682;0.6538161635398865;0.13604162633419037;0.4676207900047302;0.660996675491333;-0.08617447316646576;0.40693773329257965;0.41733328700065614;-0.06895293118432164;0.4166768714785576;0.6869409531354904;0.05646086949855089;0.4081721156835556;0.7108009457588196;-0.2707778960466385;0.45613205432891846;0.7924125790596008;0.22118625541528067;0.4593853751818339;0.8128828803698221;0.02387911391754945;sentandose;lado
2.87;0.4112166166305542;0.43638649582862854;-0.08457670360803604;0.38926786184310913;0.49480438232421875;0.07857683300971985;0.38189610838890076;0.49397343397140503;-0.1993020474910736;0.390259325504303;0.59540855884552;0.11000221967697144;0.38193976879119873;0.5995554327964783;-0.24990445375442505;0.39040669798851013;0.6509029269218445;0.08926650881767273;0.3885706067085266;0.6633078455924988;-0.08921606838703156;0.46515563130378723;0.653863787651062;0.13610175251960754;0.4677273631095886;0.661045491695404;-0.08549550920724869;0.4072693526744843;0.4176568388938904;-0.07022996516898275;0.41634634137153625;0.6865878850221634;0.05409174785017967;0.408380851149559;0.7107610255479813;-0.2742531970143318;0.4563019275665283;0.7923868497212728;0.22112161417802176;0.4596486787001292;0.8129680752754211;0.02449408732354641;sentandose;lado
2.9;0.41144782304763794;0.4367559850215912;-0.08425617218017578;0.3892316520214081;0.49502459168434143;0.07938089221715927;0.38225382566452026;0.4942147135734558;-0.19924750924110413;0.39020541310310364;0.59538334608078;0.11046814173460007;0.3821438252925873;0.5995647311210632;-0.24988697469234467;0.3903955817222595;0.6509420871734619;0.08927568048238754;0.3888179063796997;0.6633638739585876;-0.08922342211008072;0.4652954339981079;0.6540629267692566;0.13268223404884338;0.46785515546798706;0.6610699892044067;-0.08529115468263626;0.4076511889696121;0.4179734647274017;-0.06981137748807668;0.41614875942468643;0.6867571622133255;0.05502161476761103;0.4087367057800293;0.7107767164707184;-0.27412695437669754;0.45658935109774273;0.7927132646242777;0.2156894107659658;0.4597766697406769;0.8132795095443726;0.025050990283489227;sentandose;lado
2.93;0.4116435945034027;0.4371562898159027;-0.0864228680729866;0.3892000913619995;0.49508488178253174;0.07763651758432388;0.38279998302459717;0.49448034167289734;-0.20059840381145477;0.38964223861694336;0.5953662991523743;0.10815152525901794;0.3824365437030792;0.5996731519699097;-0.25182798504829407;0.39021509885787964;0.6509566903114319;0.08919725567102432;0.3891151249408722;0.6633903980255127;-0.0891413539648056;0.465385377407074;0.6542719006538391;0.13274018466472626;0.4680505096912384;0.6611230373382568;-0.08394452929496765;0.4079892665147781;0.4184788137674332;-0.07186925346031785;0.4158346578478813;0.6871049702167511;0.05274497531354427;0.4090195372700691;0.7107758074998856;-0.2767878845334053;0.45679132143656415;0.7929932475090027;0.21566563347975412;0.4599010745684306;0.8134328524271647;0.02778841306765874;sentandose;lado
2.97;0.41189685463905334;0.437728613615036;-0.08782516419887543;0.3893250524997711;0.4952806234359741;0.07733278721570969;0.382966011762619;0.49504831433296204;-0.20185358822345734;0.3895401060581207;0.5953855514526367;0.10764424502849579;0.3826303780078888;0.5999121069908142;-0.2536846995353699;0.390180379152298;0.6510230898857117;0.08919936418533325;0.3892138600349426;0.6635814309120178;-0.08914262801408768;0.4655894935131073;0.6542766094207764;0.13311026990413666;0.46823930740356445;0.6611245274543762;-0.08384305983781815;0.40825223326683047;0.4192014217376709;-0.07311198897659779;0.41581933200359344;0.6877699941396713;0.05143763776868582;0.40925614535808563;0.7107783108949661;-0.2797432467341423;0.45689419905344647;0.7930189371109009;0.21631495654582977;0.45997955401738483;0.8135032852490743;0.028624301155408222;sentandose;lado
3.0;0.4124341607093811;0.4382570683956146;-0.09009574353694916;0.3892979621887207;0.4954895079135895;0.07640994340181351;0.3835064768791199;0.49606525897979736;-0.20453086495399475;0.38924524188041687;0.5955625176429749;0.10628747940063477;0.3833043575286865;0.6008730530738831;-0.2569270730018616;0.38964515924453735;0.6512976884841919;0.08921049535274506;0.38941943645477295;0.6640450358390808;-0.08915317058563232;0.4655698835849762;0.6542814373970032;0.1352912336587906;0.468431681394577;0.6611307859420776;-0.0834890827536583;0.40874733626842497;0.41991643607616425;-0.07511057537049055;0.4158069044351578;0.6886817514896393;0.04918753728270531;0.4096355065703392;0.7111402750015259;-0.28324180096387863;0.45693033933639526;0.7929128209749857;0.21833473443984985;0.4600669840971629;0.8134235739707947;0.03135675440231959;sentandose;lado
3.03;0.41294029355049133;0.43891289830207825;-0.08554761856794357;0.38927942514419556;0.4956335127353668;0.0804855152964592;0.3852720856666565;0.4961302578449249;-0.20276233553886414;0.3888116478919983;0.5959665775299072;0.10885025560855865;0.38421642780303955;0.6010445356369019;-0.2559003531932831;0.38909390568733215;0.6524634957313538;0.08921974152326584;0.39054742455482483;0.664486289024353;-0.08916430920362473;0.4655669927597046;0.6542524099349976;0.1412116289138794;0.46941715478897095;0.6609119772911072;-0.08194014430046082;0.4094074845314026;0.42062450051307676;-0.0701609285082668;0.4159657657146454;0.6888665705919266;0.05125129222869873;0.4098403602838516;0.7111575901508331;-0.2816016599535942;0.4571317831675212;0.7928202748298645;0.22243105868498483;0.4606270094712575;0.812309722105662;0.03615286946296692;sentandose;lado
3.07;0.41377565264701843;0.44027358293533325;-0.08715074509382248;0.3893405497074127;0.4957314431667328;0.07997983694076538;0.38707539439201355;0.49634894728660583;-0.2039317488670349;0.38884487748146057;0.5968554615974426;0.10739807784557343;0.3850996196269989;0.6011703014373779;-0.2566234767436981;0.38906797766685486;0.6526200771331787;0.08931102603673935;0.39131078124046326;0.6645621061325073;-0.08926240354776382;0.46579423546791077;0.6545743346214294;0.14087405800819397;0.47006624937057495;0.6609078049659729;-0.08204945176839828;0.41061009764671325;0.42181596755981443;-0.07149031413719058;0.417253777384758;0.6884522885084152;0.05044303368777037;0.4114912077784538;0.711163341999054;-0.2803468853235245;0.45740002393722534;0.7931347886721293;0.22218365967273712;0.4610566695531209;0.8118599057197571;0.03588162176311016;sentandose;lado
3.1;0.4156142771244049;0.44156020879745483;-0.08685068041086197;0.3915935456752777;0.4960212707519531;0.0800100639462471;0.388092964887619;0.49683523178100586;-0.2038140743970871;0.39145994186401367;0.5982991456985474;0.10747276991605759;0.3866766691207886;0.6020388007164001;-0.2559615671634674;0.39056849479675293;0.6526960730552673;0.08942756801843643;0.3912279009819031;0.664445698261261;-0.08938337862491608;0.46614450216293335;0.6554218530654907;0.1354193389415741;0.47033247351646423;0.6608977913856506;-0.08607801049947739;0.41300269961357117;0.4229954779148102;-0.07092999890446663;0.4203760176897049;0.6881603896617889;0.05121912248432636;0.41436608880758286;0.7113035619258881;-0.27020450681447983;0.45789941151936847;0.7957876920700073;0.2125327785809835;0.46118178963661194;0.8114727934201559;0.03251828129092852;sentandose;lado
3.13;0.4198491871356964;0.44258755445480347;-0.09903515875339508;0.3955075144767761;0.49604982137680054;0.07079539448022842;0.3902896046638489;0.4980134665966034;-0.21583418548107147;0.3950234055519104;0.599371612071991;0.09693551808595657;0.38967958092689514;0.6040771007537842;-0.267636775970459;0.39245593547821045;0.6526881456375122;0.09032288193702698;0.3912176191806793;0.6642453670501709;-0.09029561281204224;0.46635138988494873;0.6560283303260803;0.13573145866394043;0.4702953100204468;0.6609450578689575;-0.09557308256626129;0.4173044413328171;0.4242256015539169;-0.08329388778656721;0.42285043001174927;0.6895757466554642;0.04109536996111274;0.41803567856550217;0.7123041599988937;-0.27578824758529663;0.45801881949106854;0.7962354421615601;0.21356998880704245;0.4614388644695282;0.8114126920700073;0.018981697658697765;sentandose;lado
3.17;0.42381733655929565;0.4442271888256073;-0.07946448773145676;0.39856478571891785;0.4964800477027893;0.08806193619966507;0.39418476819992065;0.4988025724887848;-0.20158907771110535;0.39770156145095825;0.6011666655540466;0.11027275770902634;0.3932875990867615;0.6050673723220825;-0.25192975997924805;0.3921760320663452;0.6543101072311401;0.09051196277141571;0.39118853211402893;0.6641044020652771;-0.09048276394605637;0.4664015769958496;0.65785151720047;0.1298433393239975;0.4704348146915436;0.660392165184021;-0.09535425901412964;0.421697661280632;0.42552429139614106;-0.06314449239871464;0.4251463785767555;0.6908085644245148;0.05888804420828819;0.4230883866548538;0.7131409496068954;-0.25821297615766525;0.4580187400182088;0.8003647526105245;0.20321727295716605;0.4611735741297404;0.8119121789932251;0.01882171134154002;sentandose;lado
